DevidPorrello,478663552,3,6
dariofrance,61154684,300,0
micaela_campana,1017467430,250,0
CatiaMassimi,3244021258,93,0
nottruv,237248877,9,5
Lucaarggh,405482706,2,6
Paolo_Font,2398174219,50,0
ClaudiaPagliar5,782228826847899648,48,24
BeniaminoGiust1,778195022973923329,6,3
winnerinyou,1128723278,18,9
lega_nord,2695632918,3,126
RennaNietta,722421795106766848,12,6
PpCassoni,15719088,0,9
FlipRuth,1286536874,4,4
claraspada,328966256,0,9
FraSottile,370193812,0,9
TuttoParioli,2890935820,3,30
Milodiremigio,499890226,12,0
claudiobonura,716591970106417152,5,34
OcchioCritico12,4155844545,30,15
cherchezlaSam,3103981311,15,0
VanessaCorini,1160278561,3,6
GMilioto,303298353,14,0
simonett_a,117135369,6,2
BRUGALISIMONE,529431381,0,9
FPetrelli,69325472,9,21
maurizioft,579271577,16,0
IsabellaGallio1,801808342125514752,144,30
alejorey,22743702,3,6
volpedora67,3198028097,105,0
keeplacalma,2481748609,0,7
Laurinalan,3095233408,3,6
spinax64,1092670394,21,9
LucaSani65,990581779,0,475
carlodaverona,385456063,9,38
eugenianicolicc,483132230,7,0
Melania11564076,798743088206319616,0,25
SOLCALIENTE2,1009031150,0,9
erolo66,3031188244,9,0
Paolo_Piattelli,800665008384315392,0,21
AndCappe,417947467,0,18
silvestroso,123235814,3,21
danilosantini65,738092501853216768,0,9
rodolfo80838139,1857148146,9,0
il_Sondaggio,799314394534580224,6,2
Varese5Stelle,318923862,0,8
_vatan_das,731100264774651904,72,36
CabMassi,1001820151,0,9
gigicoz,2328166991,0,8
DavideCervino,3046288851,0,9
gri_gio_69,1307817714,0,18
Agricolae1,960666673,0,9
proudman811,766066296618414081,2,5
Nightmaresud,2494320428,0,12
MatteoSeghezzi,1074173322,7,0
ClaudioRoasio,1334865294,15,30
Divirgilioale,3428340375,7,0
PolignanoRevolu,614221519,0,8
_MaryPoppins85_,801783651977613312,15,3
Mollica71,380243648,9,9
CircoloFuturist,85852670,9,0
robertagostini_,1354063814,75,0
CisterninoAndre,483368442,7,0
ludoorsmocdi191,799985228789977088,2,6
italmud,424989077,0,18
Ori254,1394277882,24,21
FrancaBiondelli,1322426976,125,0
OriettaG,728267401,174,92
phildancefc,930659928,12,6
mbaradello,527313115,25,0
giovannilanfra5,2178030123,8,6
debora92133203,799492756158738433,21,9
a_dicone,2912838387,6,3
colaianto,2255408790,7,0
nothingtoatone,4284146182,3,6
gabrielepx,722684492,9,0
elisa_eliea,3253240709,48,30
RiccardoUrbani3,899672546,9,0
iPresidente,449819882,12,3
PaoloGentiloni,406869976,300,0
AnnalisaDIntro1,721375437230878722,9,0
GiuliettiD2013,1030199844,400,0
AndreaRomano9,284706444,4900,0
PinaImperato,303022623,30,0
AndreaManciulli,2546413574,200,0
HelgaVirdis,722850803464015872,276,175
VeronicaTentori,401332098,200,0
ChiccaToscana,184489591,3,6
Alex46928800,752897299186155520,9,0
avanti_xxx,409089494,9,9
giovanisinistra,2540926930,15,0
Maria89822729,3521388197,0,8
MiDispiaceNO,720897240366194688,9,3
NioZeroPlastica,144138429,9,0
RoyBerardi,524453451,7,0
KingscrossArts,776040035049152512,4,4
mao_balza,4142762261,6,3
peppins2,2876085995,10,6
figliodeifiori,312572813,9,0
giulia_molinaro,2365653284,0,23
AldoMaddalena78,816899671,3,6
dinoprrj22,136342937,15,3
danieleonori1,829507466,3,6
viviana06743560,1123071420,0,8
ottobrina71,2385918867,0,9
CarloSantaroni,498846820,18,21
gpsegala,2762114060,6,3
laurayellowduck,764525968623071236,24,41
PFrascari,2267787658,9,0
giannisanna65,1462583917,0,12
MPezzin,407296758,9,18
AnnaBCX,1209547698,20,3
Tina6893,797805269539520512,2,15
vitellion,482783302,9,0
Robotrix,17268435,15,0
Falcon74A,498234811,4,12
michelemaffei_,46887047,10,6
ale_dibattista,615597661,0,225
BorroniAnna1,3092389516,3,6
IvanDellaValle,620859402,0,75
allenatorebis,2418170407,0,17
FComellini,43503218,27,51
fabiolaanitori,2917369972,0,275
tobiamc,930194618,198,0
ottolibero,1452431508,0,9
aledif3,57472352,3,6
piras2017,790567158489153536,0,12
CarloPegorer,321302337,175,0
Lab5Valenzano,790705219688693760,0,8
andrea_visc,716326404707713024,102,0
protothaca,763094873473945604,45,0
figtortoliOG,747008536102699009,0,18
matteo_delve83,1710375336,7,0
NadirTacchi,2942103525,12,3
Cinzia04358781,772030120097935360,30,38
SirioFerri,2361360169,0,12
vincenzo_savino,413103125,6,3
alfokid,752199246997258241,36,12
riccio_fra,2185717829,9,18
luisorel,71529985,9,3
GaetanoPiepoli1,1083431718,50,0
marcobenadusi,2178196459,12,0
alessandrabenci,318599082,750,0
laurapetrillo3,4651751608,199,5
Ilenia1970,2921447206,29,21
RES_Online,794550709178007552,8,0
SilviaSalemi,425016519,11,0
CarloMontanari,337185218,43,6
CARONTEII,818183167,0,17
lanzanera,1601251586,3,6
bauhusi,728107134714437633,21,0
carluccia72,2719487690,12,15
simona_riccardo,719226699003609090,3,6
CorradoRabbia,352164101,0,9
Bernini_P,19863725,0,125
liliagiugni,961168160,6,2
LeottaVi,716756039580958720,28,0
margherita951,2906554709,23,0
CatiaPolidori,1543627718,0,575
MonacoMarco,421146026,9,0
filippopieri,150707800,6,3
micios68,357374751,6,3
AnnaFumagalli,204765687,9,0
AnnaCarrano5,4914230231,5,3
lucafidanza89,483160810,7,0
michela_desanti,2997572434,9,0
Maria_Rizzotti,3111038797,0,25
PietroGrasso,1071332641,0,100
mfiorantino,868360100,18,0
figprov,4714487295,0,9
amariMarisa,414978233,3,6
soniabetz1,1412500075,72,35
xbici,369200086,0,15
BeppeSama,1070392579,7,0
prandigno,109083682,3,6
LelioCusimano,4297885697,3,6
sernam22,416422287,3,6
barbara_zanutto,795707563190976512,138,33
matita20145,2731905976,3,12
paoloparenti9,2347151255,6,2
davide04080,2902894317,7,0
FedericoCanullo,1254394752,9,0
udiprimio,488716638,9,6
GermanaGiani,504894136,45,47
gasalmi,325739333,6,6
Dibi_Dania,1635529807,0,9
mushvilla,1612855056,4,4
nonegoziabili,1068728030,5,11
LuccaperRenzi,866474910,81,0
pierovalvecchia,586398719,11,3
andrea_gazza,1120206308,0,32
Antonellogiac,480023608,575,0
Antonio38506681,792734918552018944,0,9
gdnovara,2228739276,4,3
GiusiPlebot,1579008720,573,150
mirinisupermiri,538341709,0,12
camillafabbripd,1070732071,1375,0
ritattianese,710828364387512320,7,0
BrunoBilli67,801457403808088064,8,0
straniero1946,2780267589,7,0
Gottardi95,1071260784,0,9
markmoreskins,2902258413,9,0
MC_Carro,492928925,250,0
StellaStarSere,800804086358556673,8,0
DarioGinefra,140044951,500,0
carmen_piscopo,2440237919,0,54
angelerrimo,2369010655,7,0
ToreAggiggio,758291580793094144,15,0
ariannamisa,798583329872347137,18,0
vignettopoli,93953682,12,6
PhotoZapping,2689597044,3,6
MNRuggiero,1857779947,7,0
masuccio67,67746303,15,0
nogender_it,2883758397,6,3
LalloCocco,306180757,0,8
Tizianaviola46,3094312457,15,16
pancraziovaleri,570833587,0,12
Alcofibras77,2862461084,6,3
pompeotorchia,29188865,8,0
merlinsilvia1,774699957009997824,27,0
LauraBottici,1943781798,0,400
ObiOne61,713058194059304960,0,9
EricAcella,424536919,18,0
rostellina87,801009914546188288,3,6
DUrzoDurzo,761663528,5,3
manilamatic,265385204,24,0
Surfiniae,270623814,0,7
PdCircolo,3193977725,7,0
mariannamadia,588975097,175,0
oneshot971,404022377,3,9
MichelaRostan,1111162884,175,0
vitopetrocelli,318400179,0,625
FIGiovaniPn,3172830191,0,9
RaffaelePizzati,371781632,50,6
gilbertovendram,573970612,7,0
chiara_dipa,721432104396025857,18,3
enrisav,102200819,3,6
fasiolo_laura,757278078,775,0
francesco201423,2282469222,51,21
sindacoascoli,425154943,0,9
gaspare58,865157341,0,12
uil_va,787595292,7,0
ALSilvestro,491947678,25,0
perozzzi,2267581078,3,6
PiazzapulitaLA7,58453980,10,6
Molo31Monica,1134804595,53,0
RomaSicambia,758672627175153666,9,0
biffino,1022123316,9,0
hyperbros,13382082,0,12
fulviocentoz,31093722,7,0
Mikeleo46,1044579342,7,0
simona13364697,754664352855236608,18,0
fabriziomontag,1690321208,57,12
RattiEnrico,778321813,0,16
adrianobusolin,432637066,9,0
M_Fedriga,156316785,0,3250
rockond1,794617750639562753,4,4
70sHouse,83115466,18,3
cameranesigio,725728464268066817,21,9
Geillis68,121368445,21,6
ariete8aprile,2479372688,13,12
VivaSankara,2447306083,0,27
D__Abbate,923195227,3,6
matteoricci,73065144,9,0
marcograsso581,1640766590,0,12
MarchesiFranco,570045852,0,9
Valdieu,101456289,9,0
gaiatagliabue,254229084,0,8
EEnricoielasi,3225190005,9,0
rob79rm,2597512767,21,0
loureiro1966,581801913,0,28
antony220970,744524292050788352,42,6
andsavandsav,4621068317,12,4
giusichiara1,472003825,9,0
armandocesaro,266189786,0,18
SettimoFiorenzo,4548508636,0,12
valeriafedeli,480645077,2525,0
officinamaraldi,2644768996,6,2
pdvda,108262067,7,0
giocasmirri,2995826032,3,6
RafSabb,1927224049,9,8
AGNotizie,229112968,0,9
pallina60,97773643,3,6
MatteoRichetti,395183088,350,0
angeloally,250774432,3,9
LauraGio_75,702128508835860480,30,0
bfra86,495468817,8,8
MarinaSereni,440724583,3950,0
antogea74,469645909,7,0
tderossi41,1034473320,6,9
ManepMJ,754671440637624320,7,0
GonzDeGadda,1667689482,6,12
MilaSpicola,104239528,4,3
beppe14788251,3664503135,8,0
PDCordenons,116178332,7,0
erika_prenner,4861481447,7,0
gio1893,224759837,3,6
C_Graziana,1058862104,8,0
silviagurioli71,3695152881,0,9
Antonel29395200,4684962704,186,0
NewsAbruzzo,1329384000,16,0
IleanaRiparbel4,779306269190553601,0,9
GViglietti1,711323552054697985,0,9
antignani_l,3072009003,9,21
dsalvucci5,1063332403,0,9
RamonaFuriani,951867901,21,0
mtcaruzzo,2974879767,15,0
OmbrettaBuzzi,452858854,24,3
DAVIDE_ZILIANI,4834916637,9,0
VincenzoPalm69,384240252,7,0
massimodambros4,553445128,0,12
robnuar,225452143,3,6
Fornaro62,586037920,650,0
loryhipster57,2726498655,9,0
MareBlu2015,4024983855,9,0
Fig_AQ,696658225157029888,0,18
DarioSciu,795031432464887808,9,0
enza_venturelli,786244023837155328,0,8
frmancusi,2871165084,6,2
DanielaDonno,136840065,0,450
milena_vireca,704431464524423168,0,8
ricpuglisi,225168723,8,0
Claudio85806751,3524610567,0,12
mdpennalunga,1717274785,42,30
AOstrouska,2212485620,8,0
totobrocchi,561823534,3,6
FraLevato,1008791754,7,0
_Napolitano_,1949663004,1725,0
FIfrosinone,3353248005,0,9
RobertLonigro84,2487298258,3,6
MGBasolu,459446024,0,8
GongoGorillo,53868926,18,0
dorina_bianchi,507474473,600,0
fabiobergamobio,2892367336,7,0
sarzanapartitod,2527208301,8,0
tamara60831262,2411144520,24,18
RaffyB_68,51522357,15,16
ClaudioStecca,1171065324,3,9
effebore,2259459451,4,12
marangonluke,3597402316,0,8
AgnelliPom,2652696807,0,27
MariuolinoR,701425649169338368,9,0
7444_334,4161901551,12,3
UbertiniMarina,719183489749422080,9,0
kornfeind,9650902,9,3
GM_Ficara,1001239345,6,3
FIGiovaniVeneto,3095660203,0,9
andreacatizone,88017073,12,0
giovannapinna1,978170695,9,6
leonemaschio,372937945,3,6
Angel5stars,2854387281,9,0
Grosci,353492673,3,6
nino_bonaiuto,2685569658,3,6
GiuseppeGuerin1,484589440,2825,0
Adanto4Adelaide,3306426130,9,0
larca59,1228029926,15,0
VicentePugliaAr,107810622,9,0
FaustoConti,26982622,0,7
CosimoLatronico,429778026,0,800
pasquino_spqr,3048846859,0,9
robertoerarael,954210997,7,0
silvionicolini,2640207038,24,6
Ciresinimarghe2,790153438491471872,0,15
Charlie7311,2973459185,3,6
NenciniPsi,322563649,575,0
Massimo9456,2316301654,9,0
RobertaLampis,60890659,9,0
DemXilNo,781443342798381056,6,3
nonnomischa,192165373,0,9
fioresalvino,416290762,0,9
FdianF,2691410693,2,5
tirolermaxx,517477760,9,0
Nortek50,2899123283,4,3
vignali,15255463,25,0
mariomarazziti,453267107,1175,0
RaRoby56,2520582142,7,0
Salvionardi,2948374265,0,12
MovPopulistaIta,4702970784,0,16
velluto13,2181953194,3,6
savethedrop,10281172,15,0
ELodolini,1016682894,1900,0
rebelraduno,774882052185481216,6,2
stefaniapezzopa,1080795937,8350,0
VanninoChiti,1114348598,350,0
AmataSalvo,2910674200,18,0
disabile1968,4869095007,0,27
laura_ceruti,318713537,3,6
fi_sanlazzaro,3220659027,9,0
Serfiss,161740961,15,0
Montesimona,154508155,15,0
francoxgreco,3347934334,0,165
AdelBScott,726150285870157824,37,0
AbruzzoFIGiov,2800353611,0,9
tweettatore,416348802,9,0
petrucci_3,2289164481,3,6
straditeresa,371749840,57,18
FRANCESCOCARDE3,490733693,0,12
Toni978374641,728807104790794240,35,96
alecelli1994,1114460935,16,0
nciraci,466847648,0,75
_effe17,431884957,15,3
palermosicambia,779455265045438464,6,3
carmenmalmassar,447863789,2,6
castelliloredan,2197516867,0,9
FilippoBusin,455667847,0,125
libertaediritti,2603234317,7,0
Colantoni_tweet,3228177251,5,3
LuigiDeTroia,483384295,0,17
DiegoDeLorenzis,44370691,0,1175
SteGiannini,1040184410,625,0
lucaniasi,1229549244,6,3
valeria_ci,1262566346,0,9
MaridaAlesi,4192474587,2,6
M5SRoma3,621194070,0,8
catarvoyageur,343239720,9,8
Mov5Stelle,289400495,0,8
lucatoscoromano,400383332,2,6
ASorbolini,1664716250,9,0
sandrino001,781359137909248001,21,3
angelinascanu,183287158,169,39
marcos_sup,3028742807,9,0
gianlucarizzo46,397245294,0,175
MaraB710413,724648551561728000,11,0
sarasarli,4845999597,18,8
Valeri0_Valeri0,587521626,12,20
MG462gm,1158164456,0,9
KdovejGrazie,760872623538597889,0,9
beabri,50584579,0,2500
venerapadua,2599642884,225,0
MarGauFil,426719729,12,0
SnoqLodi,1052704188,6,2
giorgis65,697713603709898752,50,0
francesca58361,575138798,81,129
luce_lucialenzi,2951279819,0,36
VivoliDonatella,2180831464,210,53
Stefbazzi,80200885,3,6
patriziarutigl1,1885687531,0,9
cicci1,29185572,0,1350
Palestro_Mario,258382452,2,6
Uleprr,2436608759,0,20
aristogitone1,1870961815,3,6
MarioMauro,946745624,0,1600
valerio_negrini,2369214387,2,5
sonnyscrivano,2260822969,0,12
f_crimi,1028499156,275,0
SimonellaD,1230556524,7,0
Vanto_italiano,715543732217626624,0,8
xeroxud,909810168,3,6
magique801,782137993649848320,30,24
sofonisba55,2957131078,0,8
ViterboFra,2508454141,3,6
On_Falcone,485208498,25,0
BrunoCensore,335970126,275,0
i519csdipalermo,4452313697,12,4
CrassusDT,2211388062,0,9
AlessaM1986,722050091624833024,99,3
figmamoiadaNU,747011427270017024,0,18
franco_sala,430437851,2,30
morrissey700,4092809355,0,9
SenMSpilabotte,3194910328,75,0
MadagioPepe,1205594306,36,9
GMancarelli,2312130859,7,0
il_brigante07,759428777793429505,0,8
NicolaMarcheseM,1334463464,7,0
pinomarte168,2414898811,15,0
PietroEbner,431901295,28,0
Leonidalibero,1601594792,9,0
ConzoSavino,1037995544,12,3
5StelleOvunque,3405599800,0,8
Lellasilvi,158470519,15,0
elpme10,378831710,3,4
FrMarenco,1064422592,3,6
ombrettacianti,1150606010,33,27
paolocristallo,1114098782,0,8
matteoculocchi,1105944535,25,0
clifflorenz,238718282,3,6
lobbyingitalia,3387547060,3,6
grimaudogiusepp,1615176902,6,3
GiampaoloScopa,2588051975,12,6
MoniSacceddu,1725220519,9,0
fig_roma,2851471793,0,27
AntonioGaldi7,805321414907727874,3,6
Lucio_Apuleio,3036745805,5,3
GasbarroCecilia,1568726336,7,0
umberto194,4871837783,15,0
Bocchino1Renna,2971151043,30,0
Elena_Fissore,2303280860,125,0
PIERANG60383345,4069821075,27,23
RenatoSchifani,1244376643,350,0
zum_zug,605749807,18,21
370849,493318360,9,6
vicky68_,1283518398,9,0
carutig,1015440260,6,3
lofagiannone,796097962384433153,2,5
indigneraitv,1065857210,6,6
AAgrigento,793414057223135232,21,9
lauratrema37,781954997806370822,0,19
cesaroprof,1100695382,225,0
EPalazzotto,808878834,0,925
FaenzaperRenzi,1246808533,10,0
andreatrapasso,418648496,12,0
bordomichele,62038434,525,0
luisarizzitelli,889396670,6,2
FabioGarritano,1174818342,0,9
chantal_mirella,3879573977,15,38
CanciAbo,2588246800,21,51
quinta,5427422,875,0
Serenel73,799219281451958272,0,12
Gallinella_F,1637833237,0,700
ildefor,794302419203215371,75,6
Fi_Pdl_Senato,2327373751,3,9
raffaelespedic1,514280693,4,3
Ermanncy,871346808,7,0
LaraRicciatti,488706755,0,425
GAlcesti,550205067,3,5
Avevaragionemin,1307085218,0,9
RolandoMonz,1097626686,7,0
lucapasto71,472149764,0,200
Amelia898314041,764073381532753920,267,138
manuela_repetti,3837178823,100,0
IMoresi,1193780617,3,6
SalvCapone,1111384315,150,0
bobogiac,523058143,150,0
Sloymele1,753772110783320065,3,6
MValdinosi,1557829464,200,0
pittapittore,2804469977,3,6
wolf28081968,54918431,18,0
NativiItaliani,732773769824047104,9,9
paoloabbadir,436124417,9,0
Norma64417112,4010430377,18,0
BastaUnSiArezzo,781502896550674432,16,0
CSilvagni,89212874,0,17
nenciafi,239143892,3,6
checcacapasso,2766606807,3,6
sfnlcd,2330261468,0,175
SetDamper,815758254,24,0
dammidamangiare,797136508293627904,21,5
VaniaCecconi,3758739195,3,14
PancoliniSergio,2948897212,3,18
QualeFuturo,2248969512,2,15
valy_s,475234937,15,0
Andreacausin72,949261333,125,0
fiorucci_anna,2439338175,9,6
ItsMsBeatrice,533298709,0,18
Aldoasgg,3360210892,9,0
MaSpadavecchia,2203686361,0,8
serramanuela5,1916736956,0,325
toscaross,3152228475,6,10
gdnazionale,341989260,7,0
BUEMIENRICO,1479926604,50,0
pertinenziali1,2205471504,15,0
RosaMDiGiorgi,1372230528,250,0
kickmyballs222,460611317,0,9
storicozundapp,1605524742,5,2
CTerrum,2212638076,0,9
cristinafavati,630918299,21,2
gianpierodalia,359555283,700,0
ElenaCarnevali,435740653,25,0
robylum,257665435,9,0
pelton2013,1168160534,2,6
gaspacio07,66305303,7,0
MarcoTognini,607226144,3,6
marco_bisogni,1032237176,9,0
LasTomino,541142373,0,9
paparcura,1327639712,5,10
NCD_tweet,2199795114,38,9
broptr53,3396388150,6,42
meb,588200416,275,0
AlessioMercanti,316511531,3,6
germy59,3879969267,87,44
lageloni,429847277,33,3
EuPaleu,281477534,6,12
daniloc229,784318068889559040,9,0
GiuseppeCanto84,1667242129,4,3
Palermer,83157992,0,9
vigarofalo,429565076,350,0
SalvoTorrisii,590025657,75,0
angydist,483198813,15,0
MarcoGalligher,393289136,0,9
Hyodyo,112010082,5,6
Piera99486051,748240006867730432,0,18
codapurple,637254997,52,54
eniobertolini,2223407550,6,3
CGiachi,212145625,5,3
IlariaCalvani,413354451,9,0
ciresini,790540888237830144,66,40
simoni_elisa,1028678899,425,0
ChiossiLaura,3056250186,15,0
sen_bianconi,499936088,100,0
AriCaldarella,522329714,0,18
schumyno,184015853,0,12
MircoLacchini,428235056,5,2
maggtor,784854175,3,6
ninidevito1,4832530456,9,0
Antony5S,618138331,3,6
GaetanoBruno3,872297844,0,9
FigiovaniNuoro,798275720,0,9
laura_tesei,1883765348,9,0
DanyRocchetti10,783200025853751296,149,35
mdimagritt,1092084720,8,8
ALEXIxoic,1276339076,3,6
ycnarF1988,1613475049,3,6
enkai_pan,3426670696,11,8
gianpaolag18,1681073648,3,6
MMastrantuono,418918882,14,9
01e3feec74fe4e6,2942209786,7,0
sottanelli,488750612,300,0
Alatriste2804,1528310352,7,0
barbaradmicheli,1411042874,6,2
andros2102,797136442774450176,6,5
VBenetello,3427709602,81,32
Beppe_murg,2523568577,27,18
infedeIe,405500662,15,0
ross27767,1429916701,5,2
porelmorro,51727698,3,6
asstartaglione,1130709956,200,0
MauraNerva,1063034107,9,0
MIMIGIO,503303414,0,7
ClaudiaDIppolit,542697215,0,9
LucaCapra67,1299375126,7,0
UnicronPlanetM,3200053252,0,9
DeborahBergamin,92556620,0,800
dellorco85,1638278257,0,2375
umbertodott,491417328,200,0
bertolire,1168797480,26,6
JackySimoncelli,947689230,0,9
exsangueamaro73,3354849862,12,0
ELiberati,434279064,9,0
alfredobazoli,473842449,175,0
OrdPsicologiVda,3579693021,7,0
matteoG1990,423793242,0,9
GiuseppeRoma,255047902,21,15
LileyArniman,14979502,6,2
clemente_tw,39592910,3,6
igorbrickil5S,2527780688,3,14
caracutaf,953887928,12,0
LoMangioSoloSeM,2817131786,0,12
iaiasom,1904640829,12,9
1205fiorella,724303327077502976,9,0
PgCarrescia,1146083755,150,0
giannidalmoro,472109265,9,0
bastianelli_cla,477654724,7,0
pierandrea1965,185274610,3,6
castigapolitici,4811969481,0,15
Pimpinella1928,3299490593,3,12
FabrizioRira,2376999356,0,8
BGrisafi,2608779441,6,3
giancalex,1037713867,6,12
soldi_anna,766664451223330816,81,62
lucaellervai,3107282901,15,0
GiorgiaMeloni,130537001,0,1300
fmanca,253207225,0,9
vittoria281073,2663921790,0,12
ortu_sandra,783613594810351616,3,6
paolacoccioli,1642833512,26,0
CafeoGiovanni,612883421,8,0
CateCollovati,2980862283,3,6
FedericoRuysch2,2543538403,18,9
ScottoLavina,408118133,0,9
pentotaldoll,2342517254,35,44
PAsproni,414926221,8,0
MariaMussini,971786318,0,50
giova_martelli,1104562232,0,1350
LucaSqueri,615326948,0,125
fabioblotta,2674680536,0,7
emanuelamilici,2436005241,12,21
asagge,55246808,175,0
thinkingmelon,1039725007,5,2
AlbertoForesti3,773929798192300032,155,15
AdrianaGalgano,424520974,0,2350
sveva83,47310459,12,6
LorLiga,476290271,0,9
annalisapanello,2397844595,15,21
eugeekpat,46712564,9,0
TukultiPD,48967204,7,0
GianniTorre2,2765940990,0,9
picture61,176712900,0,8
lamentedmente,4775882567,0,99
simony87_simona,3291626026,12,0
ilariafurfori,1972410698,54,12
pasqualevallari,477187357,0,9
Frank9318,754232386259476481,15,9
albertopasini,272350720,0,16
MaranAlessandro,291678033,425,0
lucamedico,3124240699,9,0
marcolecce1998,3300865876,3,6
BoscoloMiriam,3431896313,9,9
8607_329,773428955214995456,3,6
rmedosi,2982639635,0,30
d_daddeo,3644459056,9,0
NicolaNbalestra,777145679181471744,9,0
LevaDanilo,1139458160,25,0
CSVnet,574429703,9,0
TIZIANAPOESIA,85590368,9,0
GabRizzi1,803536150371696640,0,18
tmsboldrini,419443005,0,9
JeanMarc1171,794287344715235328,7,0
CodiceConcorsi,783227203433664512,9,0
simonesimone87,730485660570812417,9,0
jose78man,2168651339,15,0
m5ssuper,1534486934,3,6
PdTaranto,2986027019,7,0
5risi1,706086896275955712,21,12
molinaro_enrico,3117151365,15,0
c_digiangiacomo,17709747,0,7
NicolaMorra63,1314728936,0,1100
Carla79799829,799233061435146241,9,15
nicololagrosa,1308910549,12,4
ManninoClaudia,423780098,0,150
macondo83,236335841,7,0
nicola_corrado,604888657,0,8
MorinelliTony,2719186852,15,0
marcomiccoli1,447846362,550,0
peppe_alagna,3394261233,0,9
direlaviolenza,527752168,6,2
tonyo1969,2420100298,0,12
didon76,422665114,0,9
unblogpolitico,2888908630,7,0
Andrea_Done,1046140855,9,0
pistolesi_laura,766644219930873860,4,6
P10paola,420533831,3,6
MicheleManescal,2188884396,45,0
FuturoaSinistra,3380255259,0,8
herlock_captain,398946027,14,0
ala_puglia,786571157411540992,8,0
UBrignone,1062583370,3,59
FrancyP_,1292021606,15,0
picamia,135211574,0,9
MonicaCirinna,334337968,875,0
MarracinoD,1179962942,0,9
edstazionefs_an,724952777240248320,15,0
CristinaTarqui1,1063063351,18,0
lagrifogliere83,135190939,12,0
SaccaniSaccani,1124867449,27,87
rosabta,2170742693,3,6
futurwork,541112195,6,12
morissese,432688797,7,0
janebaol,379812142,3,6
RANADEUS,3294587596,18,0
NestSilvia,488684786,7,0
Steno5Stelle,1201012040,9,0
nicomarti0,101030849,3,6
marcorigo82,3317075583,0,8
fkbrandy,2840111003,6,12
GrifondoroM,1598877840,7,0
Vpeluffo,394233849,475,0
muru_de,2727207762,8,0
SorrentClaudia,1295101627,7,0
raffo1900,845781758,0,7
valeryb83,561391482,7,9
nedopaglianti,2984502441,3,33
dianacomari,98633285,29,0
Karinolino,1295386164,15,0
loscibo,165443253,0,350
POAxSI,762284905145438210,7,0
SergioArrigotti,1732219656,14,0
andrea_cioffi,281066500,0,75
rettile11,717319878542245888,0,7
LauraGaravini,321939235,1025,0
mzavarone,1106230255,21,24
tefulmino,489760837,21,0
rey_ns,1101689227,18,9
antopapalia85,802448379762667520,17,6
smorelli,15712835,27,0
giuselli1389,3130775135,4,3
iguanadan,201761137,4,4
paola91825279,3873877475,0,8
la_sardella,746826249222430720,10,0
PaoPinna,1728345799,75,0
CandianiStefano,1250116818,0,425
unsintagma,717789567,6,12
sanCefa,4910860665,9,0
nabu65,322528854,15,0
TS1078,2979240557,3,14
Gunnyidol,1238622974,0,8
valiante_s,1467415374,325,0
LuigiSigismondi,196146480,6,3
AdrianaAmodio,185547132,16,0
Pamaldi,22887971,2,5
salvomarto24,601607662,6,2
valluan,17693719,15,0
amoilsud,4878708910,6,3
PerutaAntonio,4824798082,3,9
lucabruno18,877434170,9,0
biondo2k,498288910,0,9
freecookies_,2306444410,3,6
luigidibattist2,4824399766,12,0
EricaDAdda,411538627,525,0
MAD13021966,705813420973621248,26,35
enzablundo1,560907259,0,700
lenuccia82,1405465094,12,6
Valeria196550,720332902320467968,0,8
On_Bianconi,2310613162,0,75
il_gatto_matto,1304858460,4,4
12qbert,118978778,6,3
Proffantonio000,4915455880,0,8
gloriadonati17,783020674952626176,21,0
cescverducci,827908404,175,0
pdcapitanata,1134483002,21,0
MaxCharmed,40708908,8,9
ivaniiritano,82639412,6,3
Giuseppe_Lumia,368271151,50,0
Caillebotte5,710864700851032064,6,6
nino_lopresti,514631537,9,0
Ereda_V,3904145790,0,9
glcsanna,2436692745,12,0
FrancoTrax,257499288,27,3
Marylan72,2568929007,18,0
GiovannelliIris,323105001,42,50
PD_Rocca,3092472159,7,0
n_kraljevic,551428995,0,9
Fiorellissimo,424355891,15,13
masparri,799030343475089412,0,9
andreafari_,2362418930,3,9
DadoneFabiana,708276706,0,425
IsottaRB,427389384,6,2
NicolettaFavero,1104275185,1250,0
CAGLIARIFORNIA,140834666,4,4
MattiaGiorno,403799808,7,0
GiulyFrac,2962772146,3,6
Gio2020Gio,3228521201,9,5
pierapanichelle,2857247674,9,0
ScardinaGino,2987907160,12,0
butthead1983bz,798086349316378624,0,9
benetti1961,3332448431,3,49
EleonoraBechis,328671064,0,125
demmy747,324262863,18,23
Testor80,2411149982,0,9
carlomarroni,594802573,3,6
pvalentini22,799300362930974721,21,6
AzzurroLibero,4705505042,3,102
VittoriaCicu,4851423724,90,0
AlfonsoBonafede,1413168613,0,25
CosimoJois2011,2907953530,9,0
contini_rosario,2913111359,2,6
Greg_Fontana,2451712279,25,0
OBigiani,2471273369,21,6
FranceManto64,422586035,17,6
umba977,558979681,7,0
DavideRibolini,2496989087,3,13
FrancoLaratta,122665594,12,0
moniacristarel1,779211695239655424,51,9
ViniMagliulo,2976723051,87,0
JoeleCorigliano,775318412507643904,15,0
Sempre5S,4372999402,24,14
MauroLogoluso,382662736,4,3
notapiedipagina,4058624363,6,21
UgoMancioli,260626836,3,9
LelloConso,1101446990,15,0
sedicizero,48142375,9,0
ugotruffelli,293992685,7,0
insiemebasta1si,738311371255906304,7,0
luca_leox,4866039789,6,3
Owl37761656,741762693972021248,15,0
GASirianni,232559332,3,4
SirWilliamBl,1586159210,6,24
GZanfanti,1272915272,0,9
sadape54,732317340092780545,5,3
rodolfo_remondi,754440616487055364,5,3
CagliEdoardo,3094969685,7,0
carlaruocco1,978488840,0,1500
rosadep,1045573032,0,22
discordoconme,1044932990,15,0
CitraGaetano,2292403348,3,6
emanuelapatti,268910347,0,9
ManuelGarini,81088040,4,4
algol6555,2958660693,7,0
DrAntoniaPagani,1655253469,0,8
GiuliaGenito,318434829,9,8
Bobbio65M,3368018859,3,15
summo_t,989346433,21,9
naxdistefano,172382368,0,18
Nuccia58,2371137846,0,8
CarloMati,500010633,7,0
39BorgoPinti,496654038,21,0
megasabgio,1291656504,7,0
GabriGiammanco,714417878,0,700
marcofilippi_li,1006181880,100,0
BozzaLbozza412,1472353806,9,0
figsardegna,1269885642,0,9
xposeidone,19592755,0,7
DanesiSimonetta,2542387598,0,8
Alchex89,479677859,18,0
66liuk,2455541630,0,15
anfesibena,870395221,6,15
GiuliaDiVita,379256309,0,4825
MarinellaGadda,724517094491037696,0,23
aleCattaneo79,411432358,0,9
SebStefano,386695561,8,0
MrLocci,2328923415,0,12
LuigiRuggerone,435173619,6,3
poke_dem,1307016348,19,17
roberto72477,748173713787465728,18,0
biancasushi1,2887379145,7,0
SerpicoFra,409448246,0,8
genovesi_mg,3871871513,9,0
antonaz1,128216246,0,12
SonoNataOggi,101442815,6,2
AnnaMar55954470,4204326923,3,8
PPBaretta,414634390,1500,0
ManaiStefano,1073810917,14,0
giotoni,414993771,3200,0
IlMattinale,2150969605,0,15
Abocconetti,173925687,0,9
CiranGuccini,1036719990,14,3
MamolkcsMamol,1035376896,2,6
TommasoMiele,483258299,5,11
ConDiprospero,4024081156,0,9
GeRostellato,2370933860,225,0
noisiamoilpd,4818092890,7,0
rugaskipper,1586227562,6,3
RubinipPaolo,2242100015,9,0
GianPiero_Scanu,2600151114,75,0
giorgiozanin_it,1356493350,75,0
Ominonero,82578103,0,9
G_Berretta,958167698,200,0
RLepre,1015943185,3,6
lidiera1,4405643841,9,13
RiformistiDem,799613492466749440,7,0
soemiade,772074670208221184,12,6
pkeko73,785910725185302528,9,0
askanews_next,271990882,12,27
lucia_for,3291493733,228,154
universopoesia,422858171,7,0
57Davide,750670310,15,6
romi_andrio,2289505911,0,9
civati,14108472,0,15525
arde75,293484907,7,0
OriettaTabanell,709601106,0,8
MSparpaglione,385980814,21,6
gemmaandrea3,767596251311407104,0,12
donatobuc,93691257,7,9
pd_noi,1527062406,7,0
tondkar,48981619,0,7
DSantanche,440815818,0,425
Magocla59,3293496178,0,9
iz2esv,59200159,6,2
donatogaetano,475248885,0,60
LauraFiavor,484257494,6,5
morologiulio,3336714819,12,0
EBattestini,205327727,0,18
JPCK72,2252899982,6,3
CiroPanariello,246976552,40,3
ruiciccio,369728921,59,33
pdmilano7,3131729685,14,0
DanielaDaffin,1586042605,20,3
PD_Veneto,1106149818,7,0
Andrea84it,1011151154,7,0
marylu1945,1307442482,15,0
SaverioRomano,177610735,200,0
valeonetti,471229424,4,3
RicciolaSicula,2409382352,21,12
bottazzo_davide,3466496175,5,3
AliffiMattia,291946879,6,2
lorenzobasso,105802436,250,0
g_giuseppina,554336117,14,0
BenedettaCasu,489656804,37,6
PopolariITA,2313913262,0,9
NFratoianni,425686235,0,4800
IlGorga,69565598,0,9
ALBERTOSEVERIN7,721338196639014912,0,19
pbaro,21929177,12,0
crialicata,77554140,14,0
Michele_Anzaldi,2902178505,500,0
griottisilvana,2448071614,0,9
MarcoMariani_IT,85657467,15,0
62a9d0ad80394a3,2878097184,15,0
Gianni_Ciasullo,154896410,9,0
MarcoCattoni,723843735482720256,0,9
MauroGrandi78,371160962,6,12
LianoAuletta,1048569343,69,0
Giulialaura9,2386835695,0,11
versoilfuturo2,3018290121,0,9
raffaellaluner1,782574940478377984,15,3
a_meluzzi,1032615842,0,9
andreademaria_,384881122,1050,0
NellaBellaVR,3973423342,12,6
giulioricciardi,34556545,3,6
ROSSANA19593,4352795836,0,15
BALUBA74,495925655,6,3
DalilaNesci,473107684,0,825
MrWhite3556,2508437306,0,21
sabrina_rilievo,957357619,4,3
M5S_Camera,1354935949,3,14
GianpieroScanu,392626820,7,0
alnferrari,1280190198,425,0
GiuseppeDeMita1,949887662,0,450
cstambul,2217674274,12,12
ZautzikIda,3600098417,6,3
martru8,783162012067106816,66,35
RafTris,1435196936,5,3
zanzotteramauro,1359735968,9,0
sara_moretto,823648998,250,0
regis_andrea,426094795,0,9
IOVOTONOO,791741544831315968,9,0
asromafollower,1102070556,7,0
liciaoleando92,2896572294,0,9
lello2089,577337366,0,14
PMO_W,831768450,15,0
ReteDem,3344039001,9,0
MariaLiviaPaltr,886811412,9,0
francescacapec1,978514940,85,34
Massimo07092269,801876745976770560,0,12
chiovaro9,701046240788803584,9,0
Gb2002Gb,1006685844,15,0
weevil_forbix,2328471661,15,0
AARomita,202256562,9,0
gs5654,95482042,11,5
VirginiaInverni,359541795,7,0
monica_gregori1,1338648810,0,25
BabuskaBabuska,1923616602,57,0
Pallepanzane,708302967234039809,87,8
Catia66Catia,1594184960,9,0
martosalvo,1069378951,6,2
lindaeciao,4432360889,30,0
Artic99,609063074,9,0
iasius_1,447854508,9,0
MariaRosaMaraz3,712020146282307584,36,0
incrollabile,418778432,0,12
RobyGuardiero,405004713,7,0
gennaromigliore,154082631,1200,0
deboraDDI,447231795,0,12
rainbowfree82,1039549512,3,6
matteibarbara1,2429443561,15,8
andvaccaro,1247360977,7,0
tittilatitti,2353564274,15,0
nappi43,2163514121,15,0
maur_i_zio,771232888381550593,21,2
JDanloor,1285999218,0,9
baffone5stelle,1509825860,0,375
pierpalmariggi,241912051,7,0
Gianluigi_Gigli,1085746758,375,0
autopartecipa,708223750622343168,15,0
LaraPolidori,2976226983,7,0
RAFFAEL07976412,719190663502426112,0,18
LVargiu,434072302,7,0
annapool83,129228198,5,2
GiovanniMauro62,1326433716,0,250
cesareaugustoca,1380421874,7,0
GiuliaSarti86,1053093684,0,125
PDMONZABRIANZA,222431192,14,0
emmenasi,1178411384,3,9
simonebaldelli,13812612,0,2325
Capezzone,144210805,0,3375
Silvio_Did,3226537523,0,9
olahuene,2292405117,9,0
lilysei,3401227875,0,12
metalnarz,599651301,0,7
TizianaRug,750646010314104832,119,2
besso_paolo,721084485190688768,3,6
SilviaBM5S,1480106364,0,750
Alice__Ga,776472160172924928,9,0
FEDELE_AL_M5S,2857413639,90,30
lorenzodellai,15309248,100,0
antonancy58,3814697663,18,8
francetomm,467573735,2,5
giusyrus,2788765798,14,0
BufaledelNO,780806706066395136,14,0
EmmaFattorini,1037975076,75,0
onirepap,138799201,2,6
archiettoliber,356404890,9,9
AscoltaP78,3083483560,6,3
PDCalabria,2363914417,16,0
celeste_bazzoli,2906264861,42,84
bohmahforse,711908751209537536,3,6
Angela2Patane,799905556832063489,9,0
tatianabasilio1,969081366,0,900
Alecrema26,2749231737,18,0
AngeloVinardi,1328664937,12,3
ilaria_desantis,424142793,7,0
michebrune1,3001239377,7,0
emiramazzotta,1053223004,7,0
alexmarino824,3345310611,0,9
MarioLogrieco,2359465576,18,6
scevro69,1327241030,0,8
carlo647,745228268,8,0
Mr_GianBo,195374632,14,0
Rota5Rota,2509301951,0,9
RapoMarco,1238996869,12,9
ninocosta89,379984058,6,3
MinoTaricco,416123085,125,0
FedericoDinca,122445010,0,75
S_Vaccari4,1291622634,3,12
enricovik,995021599,3,6
roxdem1978,956120414,15,0
adeadparrot_,701388897817853952,71,15
gianstraz,717452216840429569,5,3
gabriel7022,533332467,0,8
simonavitelli60,1374652910,7,0
BalduiniChiara,2744358657,15,0
CasellatoFlo,1114873536,225,0
crosta_giovanni,1338857240,9,0
unmondodentro,29411470,3,12
mipiaceBarca,899978641,12,12
RossellaFidanza,26295447,0,9
CLAUDIO6210,937279710,0,9
FabioClerici,298123237,27,23
chilisummer,1620754188,9,0
whasshappenss,411046193,3,6
tizianacarmela,145561037,0,9
MagdaZanonii,1484550222,800,0
bCreativo_,580422411,7,0
MarcoMeloni,12994392,275,0
Adriano__Barone,2400326462,0,9
Chiara5Stelle,303139807,9,27
PaoloRonk,2346570771,7,0
twMec,431084648,33,0
NataliPatty,2437524017,24,30
FraLaRosa,986244024,0,12
Ant_VITALE56,1045330356,12,15
valerio_cuccuru,599299632,5,2
angelo_senaldi,407699712,500,0
MassimoTenesmo,3331413322,0,9
PaolaTavernaM5S,497797578,0,125
Robbbbbbbbbi,778924404617207808,9,0
cucinotta85,529483712,10,6
chryduca,582622919,0,15
angelinabiz,575437784,0,9
annaluiseII,519596424,0,9
edopatriarca,1171546866,2225,0
UL_Ui9__jiiiE,77863297,3,12
SocciGianluca,2256723448,3,12
CaleffiGiulio,792341976138051584,3,6
danielecina,403444000,19,0
mariuskrossi1,4160599461,0,9
renovo2004,952533872,15,6
pozlu0,30516985,7,0
francasen,2209414790,8,0
DomenicoRossi51,1083293024,125,0
LaCastelliM5s,720379711,0,25
AndreaM_Zerbini,2964119115,4,3
FedericoBabboni,1055331438,0,9
eryka_bo,1712830392,6,3
nando_saviano,1221995204,0,18
Ferraresi_V,2256679742,0,425
lldr70,1934578106,9,0
lilla_trilly,3555797841,138,82
FoxyBiondi,2967886673,0,8
Tluigi15,256491020,12,0
Dea5stars,2375003982,0,7
paolobolognesi_,348661004,25,0
fred6001,556780444,3,6
PdSUD,209007993,15,0
alexciri87,4888364871,24,15
rizzi_rita,3154630425,7,0
dangelo_luciana,1283446118,0,20
robersperanza,331005596,425,0
La7tv,121424128,8,12
esset64,3179961507,9,0
jkfgds,1068846679,3,15
AlessiaMorani,429312499,1700,0
fgiro3,1192866157,0,9
canetti195,790171114278445057,6,26
lascherillo,40985455,15,0
MASURISIBERIAN,567306134,3,29
DMBSchuster19,149097320,3,6
giovannigostoli,269929523,8,0
Orticalab,453821249,6,3
Majden3,2470692079,0,8
Storace,602903174,0,42
StefanoSbardel2,3806382809,12,0
Fabioleman,379280129,7,0
ChriChiumera,2422714453,0,9
APinnone,878913366,15,0
Marfarra,84554070,0,12
matteo5104,4765490783,0,9
Socialdem_SeD,4244953881,7,0
LaVenittelli,1480178468,450,0
carloscarabeo,2478005629,12,0
pamyluigi,1673607168,21,6
Salvopa74,3307165198,9,0
PaolaBragantini,724885020,25,0
brandobenifei,87306292,15,0
Lulla75Cat,774896842211459072,9,0
filippocioni,29665462,6,2
61_sissi,339173161,0,8
forza_italia,147543162,3,42
rizza_francesco,519731238,0,12
PolaDir,385130841,21,0
massimoluigico2,3385872369,0,12
Idonei_Fantasma,782217072474554369,36,18
paris_valentina,440382143,675,0
mariraf,492928982,650,0
magistravulnera,373528809,0,12
marconardella,33226107,7,0
giobarbalinardo,2317045753,7,0
vmgiosa,2420367649,9,0
VitoGulli,592127497,0,9
LorenziTania,1510136666,7,0
barberini_luigi,3229982559,12,0
Dalemiani,794554811714830337,18,0
rastef58,1336027495,0,9
giovi_bi,448761968,0,17
Monica_torino,488765562,3,6
grazianomolteni,55517064,2,5
caterinapes,416923575,275,0
CantiereCivico,3101683983,9,0
DarioStefano,295754318,0,400
pdpesarourbino,1651093716,8,0
cristinaobber,90376168,6,2
simosimona05,716911634871160832,33,66
Chiara_DiBe,277460126,0,500
giod_arco,4881267029,3,5
bruno_degus,821719770,9,0
fabioselini,1064087622,6,3
mauro_m_marino,2425768568,50,0
giorgiofontan,3026614547,15,0
att5stelle,82512613,3,6
lucasolo,220390146,6,3
ContubernioGe,4925261339,15,0
Arcangelo_UIL,781894109963358208,3,6
DaniloMariano90,4578456569,11,3
Marcello_1941,753700981,12,0
c_mauz,786865600115204096,12,0
paoladepin,925969944,0,50
GiuseppeCascon3,431157210,9,18
IsabellaRauti,376610294,0,9
CCantam,964093010,0,12
francy07270267,764853057909841920,0,12
maxi75vr,593523410,9,3
l_lanzillotta,434816089,850,0
pagio_paola,523387439,3,6
ivancatalanodep,949372327,4300,0
OBonomi,1492509740,0,16
ElenaGaiardoni,2344018723,6,2
andrea__braga,396564186,15,0
julyette17,514377723,21,0
berenice0104,93917881,0,750
giustiziera2,4048644567,8,0
davide73_italy,407494932,9,0
giacomos,22172093,0,1450
penskesoenz,4924035922,9,3
Maeriposa,361790675,7,0
decontentabile,1001303996,3,6
PapaValerio88,709232802,7,0
2ndDemocracy,430718992,0,9
News24_it,731252371226042369,15,30
ForzaGiovani,772900941028884480,0,9
WMenicacci,3985072012,3,6
NicolaBergonzi,459084453,3,6
LorenzoNincheri,1123148515,6,3
stefanodelisio,2812859778,254,29
RosaliaUngaro,3697986022,0,9
grazia_sciacca,4689219091,39,0
19484893,1328976937,0,9
PaolaMecali,895702736,6,3
aldoceccarelli,419951447,12,5
daniele_panzeri,68719786,6,3
darioesposito26,1174274426,0,7
mifio16,113643008,23,0
OlleiaValentina,434135494,0,9
PaoloPappaterra,423372441,8,0
Fattorisenato5s,1267240632,0,200
SenLuigiMarino,1114618201,75,0
renatapolverini,113075421,0,13775
susannacenni,408615010,250,0
Peritas65,3381325839,4,12
prefettogelati,2884685647,15,3
LuGi60,2250751981,9,0
Mariettatidei,380405533,200,0
stellamizar,2692227380,9,0
marcobalsughi,480757316,3,6
GhitaIacono,600136789,2,5
ANDREACECCHINI1,331525693,0,9
comitatoNoFigRm,776331394607898624,0,9
ilariacostanzo,188270480,42,24
pepper4961,122476603,8,0
FulvioVicenzo,457023347,6,2
asterwill,790269417603162118,2,5
FI_Campania,2302034329,0,18
brunoforesi,526191743,8,0
BettaPiccolotti,295961054,6,2
Taibi52Taibi,2355945550,24,0
M_Berlinghieri,964876040,1875,0
emanuelefiano,327455219,1175,0
ilQuintuplo,365935751,3,6
Mario34mg,1022801072,21,0
GiovanniIaconi2,440741372,9,0
LuigiGallo15,920435114,0,1300
KhalidChaouki3,577873250,0,525
_PaoloRusso_,494267753,0,175
CretellaRoberta,4863618933,12,12
cinmir89,194972957,0,8
fra95it,503452485,14,0
LucioPfm,554546400,5,3
gasparripdl,413217587,0,24450
micaleafacchini,701388779114930177,15,3
demian_yexil,3357308483,44,50
jachedeleo,1946489059,0,12
furiamp73,943396292,3,6
antimofra,455284882,9,0
CelesteRotondi,285077023,0,8
giraparole,154289060,21,0
micillom5s,1715119512,0,4300
RitaRaiti1,717997888526270465,92,0
ConfortoC,615033595,0,12
MICHAELBUSCHINI,143250248,3,4
MagdaCulotta,1027581487,0,10650
MartinaGualtie4,805838348422156288,0,9
LorenzPlatania,736732339,7,0
robertogo6,940223707,9,0
PD_Montemesola,4448775455,7,0
Barbaraus1970,2359426044,0,9
Mickpronest75,1375679971,3,6
enzosantagada,458632561,12,2
BartNicolotti,1867361222,5,10
luciaperiss,837129073,13,2
TotaroGabriella,703835565938991104,3,6
zanzy82,84130259,0,9
MichelePiras2,419431278,0,25
gardamore,716357499939586048,12,6
LPincia,4160203479,23,5
loverddhh,142298246,0,9
antgentile,133461180,19750,0
57_mimmo,2278958635,2,6
StefaniaBlandam,2530226425,12,15
federicadieni,940100618,0,175
guerrieriP,222157419,3,6
karlkarkar,355608779,12,0
RMarabelli,2628648221,3,6
giovanna_delfa,783257684971773952,9,0
mandelli_andrea,703511639,0,1250
lucaM1966,396218442,37,21
doriananera,451410343,12,0
ciclista1231,2260660337,45,21
RiccardoRoscill,1116938592,12,0
PalazzoAntonio,323889720,0,9
fabryegio,1190659814,132,6
Autarith,3334148349,6,3
carlosibilia,127025568,0,1675
ElioTuris,361960565,26,3
FaremaF,2842679807,9,0
veronicaloiaco2,604899762,0,8
CantiniL,2162857184,75,0
onestaverita,4821193318,174,11
errepinna,390161953,0,9
arnj40,1050697136,0,12
LolloLollino,446937412,0,18
PiaLocatelli,120588952,425,0
MatzeuAle,296475664,0,8
DaniChiego,797899051660353538,7,0
hugosweb,738775045347119108,12,3
aghi7723,432010252,3,6
LuigiBobba,514478368,1475,0
bartolg2,307010824,0,7
LottiLuca,1949844973,175,0
AndreaManzullo,1039860102,9,0
GiorgiaBaba24,4331454017,9,0
carlomannaro,459452891,15,0
M5SAn,4806536835,45,0
dettori78,252628345,0,7
Rosanna_Oliva,174295922,6,2
ClaudioAgos,1065254220,24,0
1984_paride,764140480775020544,0,8
SileoLucia,485031544,63,0
francofontana43,437533038,15,0
SimoStefanuto,4081241908,8,0
MariucciaMarras,1051389715,12,24
WalterRizzotti,451991982,0,9
PaoloProsdocimi,968459856,3,6
saderjm,242071863,0,8
m_enomis,427209531,8,0
LucrezRicchiuti,3233406309,50,0
firenzedicesi,780342597458034692,4,3
NinaZucchi,740290496,4,4
pinomellone,2845429815,7,0
DAmboldi,807581581,9,0
thelondonboys11,2889852755,2,5
monica_bosso,783023868378279940,542,89
GotorMiguel,494475884,2825,0
tripodimaria,906269360,0,18
adornatoliberal,466630937,25,0
stexan78,419302730,15,6
SimoneAlliva,24150879,0,9
intelligonews,847114458,6,3
bianchi_ennio,946249914,5,3
monicacongiu2,971840395,0,9
68e6cb0bac504ec,2512832146,12,21
germoleo,138699924,0,8
pistucc,2435476444,12,6
MarianoRabino,406552900,500,0
ARNALDIFERO,40851070,0,9
Pombo54,2819178244,12,0
italiaxitalia,2258689712,12,6
bmancuso8,1238102628,125,0
ManuPalo67,1385223960,12,16
Ernesto_Bazan,1095188802,3,9
BardelliSimone,932888491,9,0
Barracciu,485841317,7,0
rkatalano,963144078,11,3
maxlooking,4327300043,6,3
cinzia510,794653620956495872,48,0
Massa5Stelle,244477620,5,3
RensilR,3315474928,9,3
FraBonomo,1093092662,725,0
alepontecorvo,314839768,0,9
pdsicilia,2149265671,7,0
Nadiesdaa,188478072,6,2
Piero_Gallina,290669539,0,24
federicogelli,78914169,275,0
esmecarlino,736166324028768256,7,0
saraclumsylife,746729895997349888,6,2
FrancescoAtta18,798448339851313152,5,2
GDezuani,527516661,3,6
Nino_Germana,415394913,6,3
Mario22426580,4824031401,0,20
mparisi68,450140855,1050,0
CinziaEmanuelli,257953952,10,6
esonotre,2217996483,3,6
JEScalabria,733951265554726913,7,0
RogerDeMenech,1116261655,425,0
christiandevivo,335385772,9,3
gfdileo,1057930387,42,27
simonettamarcel,461301109,18,6
LUIHELELI,1045245656,9,0
frido1962,3164390831,21,0
VVezzali,631003668,0,125
ColucciDonatoAl,800371833363017728,9,0
verri_laura,1075391245,0,35
AndreaOlivero,140772582,1425,0
comizi_c,722848232792002560,7,0
DonatellaAlbano,1015143625,200,0
MichelePlatoni,283636579,0,15
FrancoBordo1,1071920456,0,625
fedefox85,84452627,3,6
tranellio,752010888,33,69
vitopic,476047791,12,0
GIORGIO170675,1093512139,15,9
AndreaSorb,103056844,0,9
NDecristofaro,467389922,0,8
PMurroccu,2615476385,0,9
NadiaSangoi,408027768,9,3
TeresaBellanova,606259626,2225,0
elisamariano16,839776178,100,0
FdiAnUdine,723538940502913024,0,8
vittovolte,2466016514,2,6
giusimarrosu,340717082,15,6
mardepieri,800811829173751809,7,0
libe12andre,1747158031,6,12
silvestrogio,484283827,12,0
ninaeffemele,337168538,57,0
FicheraAle_Fano,425404300,7,0
annamaria_ff,2338719661,3,12
weddelll,238781806,0,8
GenerazioneSiTo,751725458631327744,7,0
ConteZero76,916522718,6,6
CarpeDiem_Macc,755320994131247104,5,3
carlo_masera,2201962850,6,3
folleragione,128355143,0,9
SergioNegroni,406123480,0,9
Grand_Battery,407685967,0,19
eaulierre,430844411,9,0
LuisellaSaro,829358672,3,6
DAnca_C,526801476,9,0
DOcastaldo,495323941,9,0
enrico_zanetti,476836933,1850,0
fricano24,2506713271,6,3
dani0470,481920011,3,6
suffragio1,2479381757,15,0
CapitoloLuciana,1004482429,0,12
marco62108532,3622910547,9,0
coledoni,477757835,23,12
romanopaolo,52071233,0,150
bolo_lo,2338003979,0,15
leonardoimpegno,960574614,250,0
vilmaparenti,1919132101,6,2
vaigero,1549289318,9,0
MassimoArtini,574609969,0,125
Foltowski,1375651812,3,6
elio_vito,1557514573,0,1175
geaschiro,90891882,500,0
BaffoJak,765965375792148480,0,22
ambiente_pd,730673331851132928,31,0
francovazio,923413273,50,0
lorianomovie,1930695714,30,3
jungle1970,3392585361,9,0
mpiacenonaver1,4254101320,7,0
salva594,798505651928465409,2,6
Luigi27221381,759346461758939136,18,0
francescade54,2431061097,18,10
_AMazziotti,1170061687,0,150
AMTomarchio,2865546393,36,24
GianniGirotto,26762533,0,275
adelaid93680776,3070135450,7,0
ricrrooll,1853857640,12,6
msgelmini,420332560,0,425
PietroIchino,1060230338,550,0
LeonardoRevenge,801313759,18,0
FrancoBassanini,1126411814,7,0
profeta1981,611454326,18,0
AldoDiBiagio,518580989,325,0
Marte61,99125540,21,0
58_paolo,1177462297,4,3
DeivFur,1080507391,3,9
TizianaDemma,760729745948565504,0,8
GToccafondi,432304612,4,3
garridino,775636532,12,18
Infofatti,3080949119,0,7
GiorgioPerugia,459115038,23,0
masqliddo,154322105,4,3
SCUOLATUTTIUNIT,3242519025,0,8
mafaldina61,3038103838,3,37
pdnetwork,13294452,95,6
HannaPatry,785774096613126144,0,9
cristianovilla9,4284959421,0,9
BeneWalter,1294174362,30,3
dukana2,2832335447,0,9
GiuseppeCrisaf1,418508915,6,3
pinco9,351750061,3,9
paolacorrenti,2948863234,0,12
DgPilot81,202726940,0,125
romanoziroldo,2845018504,0,9
ToninoMoscatt,1029633199,450,0
Gigebi,129515952,4,3
paoolo706,517986135,27,0
Gio_Angotti,4827481564,4,4
UgoQuinzi,1063009350,8,0
Mpaszk,798635240889651200,57,91
MatteoTieffiani,797197311201972229,55,19
Sasha_Zurich,389087761,4,3
fserneri,52011737,12,0
MonicaLuisi,407685623,14,0
cccricri,399624734,33,0
Luca_1998,3588475175,23,9
laurapingitore2,4242565703,0,12
quintoprimo1,1077736116,2,5
PastaStefano,452225155,9,0
Sibillinamente,4089097761,4,3
MilenaSanterini,417150886,300,0
e_cozzolino,2302888393,0,1525
MatteoCosta_94,770021973342715904,7,0
elenaghezzi73,2351401893,0,8
SimoPellez,2996547622,6,2
Ogma80Vito,714325641,9,0
JessyMarchetto,853678268,0,8
micheladania,1316630180,3,21
sonoiolore,475127858,0,9
rivamatteoriva,760935300189356032,8,0
pigi02,1176618985,4,11
E_Scagliusi,1385237533,0,300
base1075,320725662,0,15
silviolai,113383366,75,0
FI_giovaniFvg,2901394836,0,9
Ronin_ribelle,1679375545,0,7
michele_mognato,804347806207148037,150,0
_pierini_,542327855,7,0
Francy1950,1062997310,0,8
Riccardo_Nuti,37507247,0,375
palladinogiov,4126778583,25,0
McGadda,1061367398,700,0
sandrolabanti,442817553,9,33
Caffe_Graziella,350256698,0,7
lizard_king87,313771413,12,0
dome_nico_73,309784041,0,12
tancrediturco,1317015313,0,250
FScalmati,1975150249,26,0
vic24g,2351601439,0,8
Mlucialorefice,1623798294,0,400
francocoach,2359663543,5,3
Ichnos1973,1277743430,0,8
EnrichettaNegri,535318339,0,9
ripofnail,774612532036329474,7,0
enrico_farda,450654477,15,0
SRubinato,840400950,875,0
Jenfakoko,4579125253,14,2
GianlucaPagnon1,594855576,7,0
Giovanni2601,1105753646,2,6
Ettore_Rosato,258861907,700,0
italia_riparte,2872452713,7,0
UgoVolli,556978533,0,9
tommysensi,1015392134,11,3
nelloufo,1118100247,9,0
LunatiLuciano,2361364791,0,9
Paolo_Beni,1095415531,25,0
CastaldiniMc,3336455937,27,0
EfisioErriu,467473645,6,3
LegaNordArcene,1623140270,5,20
SilviaFregolent,590358735,500,0
elvirasavino,485685744,0,400
SabinaGuzzanti,16867526,5,3
mirellaladini,2174691850,0,12
_digitaLeasy,774181517224316933,9,3
SalacristRenata,721937520771129344,153,70
steal61,2196650893,0,21
CEroscincidda,2230782069,0,12
Ditrast,134431419,6,3
79b83962c72d42b,2851228124,0,8
Irishsara1980,500881322,3,6
fabiorampelli,493025647,0,350
mappoa73,3034869375,33,0
rosaannapapiri,533059229,3,15
CimagliaMC,2438345838,12,0
NanniCatta,2319258554,0,9
amcarloni,2169027857,25,0
N_DeGirolamo,334321591,0,600
usaipiero,985080900,3,6
nicola_bianchi,133366702,0,2475
sessa_mrossella,3065958947,0,9
nonhosoldi,1041823142,0,9
EmiliaDeBiasi,934863998,200,0
teresadelgiudi,1125077892,0,12
carlucci_cc,1229121186,12,15
ste_stella00,1267096375,45,0
pdcampania,220308940,24,0
sancarloserena,2785559012,12,0
enricosagulo,779271293359325184,0,9
PDibattista,448998373,9,3
GianfrancoB3,1257355178,19,6
SilviaGiomi,496948669,5,3
BortesiBortesi,2438650607,0,7
violadelpensie,1151495287,0,15
marcomariaricci,13728662,9,0
Disinc_Anto,779999286042001408,6,3
Iris6354,2400285224,5,2
boccajaw,2809762856,0,12
beppenonbeppe,2960217431,8,0
ScopelliTweet,3413443713,750,0
MBorcio,460507111,4,3
l_patrizia,434558035,15,0
AfinetAlberto,436833006,12,9
ruggenz,2210540756,9,0
bussolarai,2865677793,3,5
vincenzofolino,453168575,0,475
Am_Parente,701094295,325,0
MoleaBruno,1095861036,600,0
DavidErmini1,394787464,800,0
m5sbari,514243349,0,7
MarcoCampagna8,522438312,7,0
ldibartolomei,11258252,9,0
GioDonati99,3402774227,8,0
FraMu83,2239737678,27,0
settimo771,431658112,15,0
pino_micali,967124340,3,6
MikemixBo,478620962,0,9
OttaviDeborah,357074444,6,12
arzambo,1236577764,7,0
giampodda,45514913,7,0
Vaccaro_G,14170643,0,500
VFravezzi,1131415219,400,0
SPIDERMARZIANUS,796970107503251456,3,8
AnnaAscani,492325083,2050,0
sampei71,1665968257,9,3
claudio7373,729221180985618433,3,6
PatrickAloisi,2499664019,3,6
maurizio191060,1924562743,3,6
ttenti,782643007,0,8
kalos6868,355400655,3,9
roberto_marcato,2290924705,0,24
OCunlimited,714096155152486400,12,0
Mauro5514,706067859550695426,0,9
Edoardor77,754658882551738368,6,3
Mosquitas77,857753196,17,0
GiulioMarcon1,1058085139,0,75
franco_dimuro,2562814182,42,40
Vincenza_Lab,4218365097,0,1275
LeonardoMorici,306294911,7,0
Moonlightshad1,432516884,3,6
tryggiu,248453535,17,0
Sabina1956,1037152033,51,3
volpi_raffaele,3036616924,0,125
Cultura_Impresa,785448306465972228,2,6
BrunoAstorre,2900717633,325,0
SenSanna,143964261,125,0
ti_rossan,1166637379,27,0
Spero2020,3123284926,8,0
_MrsVin_,193786720,6,3
PaoloParentela,381611850,0,600
stellabianchi,47377992,275,0
marpol55,443187387,11,35
Roberto_Fico,22834067,0,625
Giusepp47963781,783741519564005376,0,12
PD_community,2432410861,5,3
simocalabrese1,794164110061699072,9,0
ADTacitus,2975094340,9,0
AssocAReS,414646088,8,0
Milano_Popolare,2929169337,43,0
dentistalegnano,439386203,17,0
manfredi59,954041064,12,6
Caronte1979,109652224,3,6
sandrazing71,1479702782,15,0
LuciFrancesco,1567906891,6,24
giosilvia86,931706882,0,250
DamianoBrattoli,174237217,0,9
vellapaolo1,557637492,0,225
NiklausRt,1644456139,2,5
GruppoFICamera,1344131071,0,21
Yogaolic,219361447,9,0
loguerto,86342681,2,6
mursino71,1356673152,17,6
daninbio,366188528,12,0
SONIAGROTTO,424084271,6,3
robertapinotti,102672182,925,0
Luca_Arcari88,1561186362,7,0
giuseppinanico8,796759446370271232,87,82
ArezzoPd,2931838108,8,0
Master2001_3,186221116,12,0
patriziaguidett,376998975,9,0
kalyaMail,3251331238,9,0
achillelaprova,529507807,9,2
amoreandrea84,1039152966,10,6
valituttanto,3246166239,0,9
GruppoPdLigur,2469248088,19,0
hfurms,3382760081,3,6
PatriziaFincato,1063011624,12,0
dainotenace,12005212,3,6
IsFrago,766471224,15,0
RussoRosa7,923347921,201,38
InsegnAspirante,3070539136,69,0
TizianaMaurizi,2329940551,3,8
LanoCorio,168796358,9,0
ilcarrier,227970595,7,0
LexAlimentaria,1031528454,3,6
fmollicone,272317881,6,3
pieroomega,253550542,6,3
enricomaino,3369517217,9,0
pugganagga,456894487,9,0
ilmanifesto,472966889,6,2
graziap79,3091747443,21,21
tramas30,3041446144,133,46
mario__lavezzi,2938546498,3,6
positivo311,4853472419,18,0
ivanscalfarotto,30248306,0,2375
ElisabScalambra,2476119007,71,0
GloBackita,1849326181,17,6
esteba_rivera,3600926057,4,4
MatteoPuppi,395548966,15,6
AntonellaGrim,1000045820,8,0
Elena07617349,4098447160,0,18
chiocchetti_mau,904438754,18,0
Okosama_Starr,215278944,12,3
fernandella25,2973508025,0,9
falcho61,227749617,7,0
RiccardoRogani,472185426,0,9
Paogiu,142393098,7,0
DettoGinoPanino,3034643483,24,9
Martolina20,2393193913,9,0
sikeliota,383052987,0,27
pantycat,252585311,27,0
S0ldiPubblici,2908032201,2,9
maximocasale,788063079418499072,3,6
mimmogp,86554500,0,25
ISolimeo,4905992363,138,0
barbarapasquali,316660583,15,0
itscyb,3079488179,0,9
AlessandroRuina,2984894152,7,0
TizianaGl60,534655010,12,6
beppezini,2301561164,0,7
VitoeCarmelaPis,1371655940,3,9
albertigiannaro,910601880,0,9
CalogeroVolpe21,775039590784729088,0,36
Andyesti,4845403365,3,6
sauchack,703307259607126016,0,9
Antonel87691591,2511962844,18,5
miche_marchi,499857709,9,0
paolo_porcari,427739699,0,8
Marco1184,186193690,0,9
CircoloPDPoa,2220186288,16,0
StefanoDeloren1,2398143679,12,24
simospa,221763642,4,4
ilpoetaestinto,345918295,6,12
rampi,14110067,1050,0
DeliaZuccaro,364906833,9,0
froma01k,2180128512,23,0
RoccoPalese1,511963188,0,25
flashmaticgun,2884438281,6,2
stefanoba64,585397603,6,3
CerminaraG,707698306303062016,7,0
SiyaKhula,44948272,0,12
DaniloToninelli,960924277,0,925
gianaima,1036813327,11,3
pantanac,753519234710376449,9,0
frasco77,499085030,7,0
Contemax51,801845830483382272,7,0
Lucyfranzese,774339263752245249,27,0
misspassinella1,1088806153,0,18
donnadimezzo,483304367,24,18
alebratti,378212883,1350,0
Rosyfree74,305255857,15,0
vitapin25,3289645138,9,0
marcoregni,48971201,21,0
fredianoleu,2313554308,0,9
AntonyFederico,1967120184,0,30
FabriBracco64,461088423,6,3
Claudioavalon1,542499947,5,2
IleP,20373953,1725,0
nicorigi,423376068,0,9
niforcheri,949926276,0,9
GianluSag,4911191667,21,42
faetto,154587914,3,6
veracorso2,590393555,7,0
MissBradshaw85,241625905,3,6
94_giovani,3183628949,0,9
pierapis,245715438,45,6
cannelli,73855053,0,8
lorenzabo,15191260,4075,0
battistabd,2341083257,21,0
summa57,392987772,13,3
meg_bandini,701439340807905280,7,2
slopis55,3063216130,9,0
BorghesiStefano,2170637596,0,1925
Marinel25496216,788467491299287041,9,0
enzovcr2,309265389,3,6
live_inmusic,4910362701,6,2
RobertoCoscelli,1114542462,0,12
marybrunb3,1642762838,18,9
366daniele,2447574735,0,12
ZaccagniniAdri,1223294028,0,400
debbigiancarlo,3309510766,0,8
FrancescaLaMar,826209650,175,0
_paolo_romani_,487751312,875,0
DaniloAloe,2363886035,0,9
erikaleciancio,3297456253,0,30
Latorrenicola,413141346,125,0
7Vanessa8,4288995452,0,9
danype5,2468035339,12,3
angelagennaro,81835192,6,2
DOVEEEEEE,2385838316,18,0
pd_calice,715080807916912642,8,0
paolpapi,4764209895,6,3
salidaparallela,1251089251,3,6
sgrecciaantone1,1042134122,15,3
ConcorsoneRoma,2408795996,3,6
FinocchiaroAnna,404045211,25,0
MicheleRusso,55187309,0,9
ScifoGiuseppe,2651374166,12,27
ste_santini,400902983,6,3
rafcirone,574871295,0,8
ilmoro0,789223163305615360,45,11
annamariasummon,1101021343,0,8
menguicc,136013337,9,0
alkimj,3311137528,18,0
AngelaFoti9,4701854126,262,5
GaspareRuiz,1103554206,33,3
SBarbanti,926354131,300,0
SalvTomaselli,413364881,375,0
UghettoSuper,765113425882218497,3,6
kitoBaldassarre,429433691,0,100
Vasco35481906,765647763442896896,0,9
incaxxatonero,250085208,0,12
vitominerva,1221983672,3,6
BriguglioSara,718523969939369990,84,0
dondino63,2285114260,0,21
SanSalvoAdesso,2339012396,7,0
Nicolet67982301,767250170488688640,30,35
renzinews,1341254522,7,0
Ch12Mc,2508927513,72,3
lentinivince,2463100707,0,18
celestinoceles7,704779333307650048,24,14
MarcoBergonzi,2204474266,400,0
godan9,484106374,0,9
Andrea_Minuto,2828049849,9,0
luca_vidoni,557827565,0,47
f_scalia,516537562,150,0
PietroCotroneo,2355253204,15,0
Gianni24514253,782126365315371008,0,8
gia161170,592688115,0,12
edoardopivanti,215762717,7,0
mate2411,113424592,9,0
viale66,1165385690,8,0
marcopietro49,4186758514,9,0
danil_etto,915566532,9,0
fffhh0000,800282029254246400,4,3
TizioGiusto,447965111,3,6
pepcarp,170747137,0,7
FrancBusinarolo,1072331106,0,875
Pucci_mg,4724490358,98,0
SacchiGg,1039048494,13,3
VanniPetrelli,417904049,8,0
FulvioGhio,1382206622,9,21
siperilsud1,754957121201004544,6,2
giacasta85,2410447644,12,0
luigi_pompili,2780354471,7,0
Nicola51728552,4102577157,3,6
MBuccarella,772349570,0,75
EsercitoParenzo,2786975403,9,0
CROCE_CELTICA,4875252683,0,9
gsaggese84,1157043744,7,0
comitatoart26,2792050237,4,12
chiarafasano3,947694301,5,3
FashionmailW,3038785617,0,12
ItaliaRecord,3169603576,65,20
TGPorco,3334952776,5,3
RoccoCipriano,27992407,0,15
achiropitaarcid,396655131,53,0
chiara_201181,398611235,0,3800
CivettaneviE,1635670363,4,3
sardovinos,158700591,7,0
FrancoAlfieriPD,3105108137,8,0
Serotino,362168367,21,0
MakeYourShoe,373293575,12,10
primapopolari,991096194,0,9
Casalingitudine,793696853451743232,0,9
ForzaCerea,2776509252,0,12
budax81,4155402466,18,0
CinoRiccardo,467439918,9,0
Adrian_in_it,378706057,5,2
RiccardoDeias,1270339064,3,6
albinobistacco,192258181,0,9
patriziaparide,4299066556,195,121
madame_sin,3784148609,9,0
Sandra_Savino,1905601525,0,1700
LuigiDallai,1095269604,275,0
ilNonnoSimpson,797679000,12,3
angytnt,431500211,0,9
Tom_Curro,762435457,0,150
ForzaSilvioTW,2319748337,0,8
tomicictatjana,706017040272859136,6,2
lorenzoromani,270896923,9,0
Pimpapallina,793787252040142848,701,224
serpellegrino11,3290833539,0,200
FabioAppetiti,3255935603,7,0
GianmarioFrago,248604737,200,0
cozzoli_poli,2376644398,0,12
abbracci4miari,2753200073,0,9
slavina6,708429391,15,25
ES_pressa,3046231307,8,0
ElleGiovanna,785934232698904576,6,3
RosCapacchione,1108821764,25,0
TerranovaFra,3021204969,15,3
Plutone_2,797526763962331136,9,3
Casti_F,342366415,8,0
FrancoValle2,445050879,6,3
AGRAPRESS,1055604996,6,3
menteveloce,573986602,0,12
LuigiManconi1,402171616,225,0
giulianocartec2,714896919349346304,3,6
IULGIO,1194951343,15,0
GhellaOnTheRoad,2897960823,0,36
neobule78,3053773990,18,0
iostoconlafiom,893666054,0,9
VittorioPecorar,71887780,7,0
Hibbing59,898297518,12,0
fil_otto,753229135611396096,6,3
Apollo_MX5,2342101993,0,9
Gio_Deiu,384214851,2,5
AnnaKm1985,613766004,4,3
Sfurmy,126691082,3,6
paolo_solia,915191390,57,0
F_Boccia,461229005,975,0
CarloDelSante,556818121,7,0
LucaCimo,290992864,0,8
mari171258,478622166,3,6
isola_massimo,3151972359,8,0
japocostante,482343716,18,9
patriziabottell,897054630,9,0
Giusep_Sciretta,595566285,0,12
GiovanniMoglia,945407058,7,0
tidema81,188787298,9,3
ItalianitaMP,3458620516,6,3
Totusmediait,748170127364001793,3,6
arlello,985118000,9,0
jeproma,3667010056,6,3
CelesteCost,458503181,0,475
enzabrunobossio,88014506,14,0
maxpatacca,341001184,9,0
fuoriscala13,1101694626,15,3
OttoIso,757949254765834240,9,0
Attiacarusu,2493142851,3,6
UlrikeMeinhof1,2350347318,12,6
Claudette_84,3092809936,66,0
FIGLazio,3351720815,2,5
GNarduolo,1023109254,275,0
ilarioneri,2359832450,48,9
marcodimaio,48484178,500,0
OlgaMerlone,715306908559806466,45,9
feelmads,1063780303,6,3
PietroLegnani,253289367,0,27
g_ignazia,730389738323099649,12,0
ilpellicano88,4133217027,0,30
pdabruzzo,252676505,15,0
angealfa,149060372,0,1075
RitaDarrisso,713744729981263872,0,8
BiancofioreMiky,592160447,0,175
PentangeloA,1374146521,0,9
decicco_carmen,4703595042,98,2
ale_petraglia,1336605439,0,525
sindaciperilno,785540126277570560,2,6
AmaliaDeMartin2,731131129336627200,18,0
rumba15342942,2480246000,29,0
Minerva_86,427372566,3,6
DiegoCrivellari,4339037296,900,0
mariobianchi18,431622091,21,0
Massimo27355129,3957645843,9,0
VeronicaClima,390678433,4,4
Franc970,3319305760,15,0
danielaba28,1132188114,24,18
Virus1979C,332885533,18,22
LellaNic2,3825308554,186,53
filippobubbico,1063940029,75,0
VIOLAMARTELLA46,3937406775,15,0
fflaccomio,983013728,0,9
PinoFummo,797053138326945792,0,8
51fini,1331086867,18,9
mattiellodavide,1079900653,100,0
eligiobonfrate,47987007,18,3
CapitanHarloc13,2206549446,48,0
IleanaArgentin,448039159,500,0
davidefaraone,41391760,2050,0
G_Castiglione,540701757,0,675
EugenioCardi,4702133172,39,9
Indignati,366258436,0,9
CiafardiniF,573845625,8,0
pernambucano83,520789750,6,3
chango_75,1073842549,3,9
senzacensura73,2970117851,9,12
ferragliomi3,726333230526373889,6,3
favilli_chiara,972123007,12,0
BLuciarini,605303095,0,23
AntonellaTrich2,788794627042205696,423,0
DarioParrini,587802594,625,0
skelligmicheal,598279585,15,0
giuliomancini91,3088659569,0,9
marisaLaDestra,1088677627,0,12
abrignani_i,468259769,25,0
Fede_Mariotti,430160994,6,3
sergimagugliani,85136516,0,42
VandaLa10,799383480396300288,18,26
flavagno,18406278,550,0
delmonacofondie,2272916900,6,3
voragano,3355338993,0,9
simonefagioli,70684476,3,6
AugustoBisegna,3147439475,9,0
tal_Marco,1386751423,8,0
cla_cominardi,203915389,0,1450
GIORGIOBELLINO2,616372545,3,6
YanezTweetMan,1077110826,7,0
esapelucco,978557845,7,0
putipo,68689180,15,0
Fabio363T,2373588490,7,0
AugustoSabatel1,2945491781,7,0
NicoleDollase1,2724098874,9,0
PatriziaVerz,2532567086,21,15
almacuba15,4688837276,12,0
adling64,104135821,12,0
renzieakasa,3300431854,16,0
francy290772,2363193428,9,0
FrancescoGualdi,1364646517,2,6
marinacerioni,2205598141,6,12
Fabme0801,564360716,9,0
IlMattinoFoggia,337155946,0,8
vanni_md,856244276,12,0
effe1312,2416044272,5,2
marialuisazocc1,3398394214,57,70
LaMeglioRoma,4773966268,0,8
GaetanoGorgoni,950796283,3,9
BMascalchi,2515144546,0,7
damalida,1221944630,15,3
aniaclug,70179939,3,6
SenatoreMonti,1014267936,0,25
dg261159,733316908477493248,18,0
MikyPaola,523331583,11,3
michdavico,359331426,750,0
giulio_egi,4426518575,27,9
MoniShantiRani,241289430,9,8
agomarcellino,554580329,5,2
ugl_saaf,747492094881726464,0,10
AGCarta,2351775654,15,0
TheNaggingDick,761516705445183488,15,3
ncd_mn,3104457562,16,0
mario_catania,1068658627,50,0
noth2loos,822184940,8,14
Marco_Di_Lello,72643262,325,0
Luka__76,852980726,0,15
FioreVero123,741592495155478528,0,8
francoG101,2835100096,9,0
AntonioDePoli,376210328,325,0
luigidimaio,48062712,0,450
aanddrreaa,161450764,9,12
DiRosadipietro,1039581457,3,9
amorucci2911,2244460336,123,0
LisadaCa,2482305961,21,0
PDLiguria,207122050,48,0
2015blackdog,3008526447,9,0
luciafangi,953571752,84,26
ginocalcinotto,318939574,21,0
alevedovini,2788736669,7,0
degiorgi64,419739649,6,12
AleDeLuca_,192629620,6,2
saverioontwitt,489546240,0,7
TiziCip,968615264,0,725
peppinozola,1619961732,9,0
paladoc69,970835599,4,3
paolabinetti,81901389,525,0
ParoloPatrizia,2951587293,0,9
adalonzo,78334750,0,9
1diaiaco,1948013262,0,8
TrunfioDomenico,2927289074,0,9
dippolitowilma,3688803513,40,3
ManuRontini,51232175,10,0
mirellaliuzzi,11945512,0,1125
A77362729,1278202914,9,0
AntonellaDanie6,2197686876,3,6
PeppeRosa88,397249341,6,3
Grace62826061,798643617602695168,18,0
luchinux,530990399,9,0
damianobeltotto,255417494,3,6
giancarlo2508,425174482,7,0
marco_itas,228051072,0,9
brmario57,183405973,9,0
gramsci1937,735228714070507520,6,2
alfuturosi,773155625127796737,21,0
FedericoQuadrel,365089731,9,0
edda06061979,2800128455,192,3
pamela_orr,1117446373,1275,0
roxycafe123,2472017715,0,24
arial1978,2881600829,7,0
skito_o,617201169,15,0
Regina84Claudia,788754158241378305,199,70
Retedellereti,482937083,6,2
Amalia80258162,709104359905300480,171,0
QuintoValter,2153812941,0,35
gdmpadula,1008728029,6,3
dstVoid,1166877775,0,15
cla_cur,2282008813,1005,528
angelino411,763032032993742852,7,0
colle_89,329305899,7,0
PBisinella,1119822385,1100,0
Coco_Mars_,113889922,15,0
megmalp,428521248,225,0
pellescura,22616757,0,9
FREDDYVERRENGIA,457442858,9,3
Roberto__Caon,1112798694,750,0
iltonypostin,4928491697,21,6
ColombaMongiell,613387563,3500,0
SeliniFrancesco,782577416548020225,0,9
GiovanniSanga,2974967339,1425,0
dikabernard,2364819052,7,2
alxafan,3291499702,7,0
frau101_f,2354395787,15,0
Tomraybans,781539111052115968,3,14
rivcristiana,3389194037,0,18
annalisacianci3,3223929605,42,0
PiazzaSimonetta,3879187997,111,43
Cor_Core_Acceso,325760306,0,8
doloresebasta,418221631,0,19
AndreaVallascas,1386423176,0,1025
massimo0551,84582608,6,3
cocchi2a,1130420497,0,21
figolbiatempio,4734022421,0,9
1511maxi,1918247922,0,27
RosMiki81,1897585116,9,9
DylanReds,799587629977190401,9,0
emanuela_zappia,726444387123736577,57,0
luigimerolle,986111888,0,7
Cesaro_FI,2405206161,0,1500
MauroBeltramo,1059881101,0,9
sicalabria,735727292526166019,9,0
vincenzopiso,490756518,0,100
lorebecattini,1076080122,150,0
DossiCarla,986714714,16,0
UldericoDL,332346345,0,9
antonio_bordin,438849246,0,12
UGiangrieco,382539264,0,12
DonataLenzi,1024235078,175,0
ColibriRavenna,3664116256,2,5
SupposteRette,1474185410,0,24
giulianaperris,805286678,39,12
sbaffato,2907520191,0,9
samualebutti,573872757,0,9
silvavol,720592519,12,0
RenataBueno23,158067709,850,0
fsavorani,2651274657,10,0
francesco_scoma,560997857,0,125
tuttixgiachetti,697799370297774080,19,0
CentristixilSi,761218843482157058,7,0
marino29b,836271002,12,55
andrea_pertici,1105814539,5,14
Salvo332Salvo,2813435920,0,9
AleKenobi,152673484,8,9
RLamanna195,737896079669231616,3,6
FimCatania,213735396,9,0
GloriaFugginani,2986302741,0,9
SpessottoAri,807655352,0,225
alessiotacconi,569492527,1350,0
karypant,2850074284,15,0
FamaMagna,1307458242,3,6
Ant__RI,730660405761191936,0,9
Mau_rigno,354844811,12,12
GianniLongarini,3167202496,14,0
giordanadonate2,798182778772852736,4,3
InnovaImpresa,1060510837,4,4
mcapu100,84874030,3,6
MARTEDEGANIP,701169921053605888,0,7
PatriziaTerzoni,438385480,0,1725
laura_coccia,999278988,2550,0
coluccilucca,91919619,2875,0
Angela94097772,716370134651310080,81,0
coppolapaolo,13056322,625,0
PD_sangiorgioj,708650713824534530,7,0
Stefano_mrc,1203674574,9,0
Nadine67816028,782558833835147265,12,6
elvise1657,1544336527,0,9
RitaMannetta,4861559277,63,0
CollinaStefano,437790954,300,0
francesco60221,619316778,0,18
NicolaMolteni,635446554,0,200
Padre_Ramirez,2583026273,8,0
antoniopalmieri,6827962,0,4025
cinziasams,746263383473799169,7,0
MarioPolese,385604119,7,0
red_mask9,1015870262,12,24
mcasa68,287848628,0,250
DaniSbrollini,903723812,250,0
DZoggia,871317662,50,0
Milu0095,774571846989668352,6,5
licia_roffia,4075531942,30,14
Cristoferbaldet,338959743,39,6
kattolikamente,79211525,3,9
Maselli_Andrea,490602212,3,6
MarisaNicchi,1106382398,0,100
MPenikas,2898075617,41,108
SandraSonnino,1367572112,3,6
BabbaiFabry,3290984981,3,14
laurabagnoli,281104969,15,0
antonellaiovin7,413215193,0,15
holyghostpro,20128307,3,9
lordfrappo,1656227935,8,0
FedeNobilio,1139875363,0,8
AntoPando,2388661380,4,4
mary_caridi,865947528,3,6
w_rizzetto,359933447,0,600
Framoruso,1114352792,1475,0
sasabarone1,1222622413,8,0
AlaimoGiusie,3105423675,9,0
MikiCinalli75,724627244879065088,6,3
andrejpapowsky,1178340480,7,0
ManziIrene,2389507018,175,0
Pat35053636,782669007975395328,61,7
ObserveWithMind,3045361705,18,0
davide_bedini,1513455144,9,0
Libercolo,2872332023,5,14
MatteoStaSereNO,2496237324,9,0
IoSonoUnoLibero,2465000210,9,0
TerraNostraIT,4112673143,0,8
faustorac,328060514,8,0
silviaantonel15,4229498536,63,29
SilviaSavigni,776867281880178688,0,12
PensieroDem_,4889849530,19,0
pimonte5stelle,1249912915,0,9
AlbaDoratait,906349453,15,0
buodiammello,3870837869,0,12
TeresaLoprete1,925583479,33,42
PD_Laterza,4373093181,7,0
MAvanta,2530670296,0,9
AnnaLeonardi1,424153335,72,27
mr_ranadeus,803590719432695808,33,0
gstelluti,396756630,0,8
PD_Lentate,274014643,36,0
GAIDORic,2281936099,0,8
ireneleone1,454942463,0,8
italialcentro,1288260026,0,8
giuseppe31182,797814002445352960,7,0
trepazia,438476133,6,12
dadoricca,255448965,6,2
antonioguido58,1372497578,0,9
massimo991,1269055614,12,0
FlatMarco,294535863,9,0
lucafrusone,262823808,0,600
npreiti,133030062,7,0
GiuliaGrilloM5S,236565724,0,1450
4ce3d7b36ecf4a2,2975733075,7,0
GMustacchi,433789331,3,6
FESMontemaggi,413181725,3,6
leprif,474873502,9,0
EffeEva,3252260663,0,9
costarpa,2887193787,7,0
vicarioimperial,238331462,9,0
Anarkikka,810711224,6,2
000120o,326226399,20,3
BBertaberry,1929877436,5,3
etchisei,340847319,66,0
FregoneseAndrea,3396939819,11,0
enzlat,206384672,100,0
marcocarrozzo66,3001084382,9,0
mforlin,113629301,7,0
giuseppe_March,2934930969,21,6
FedericaDaga,361373768,0,250
AndreaMarcucci,57282569,1775,0
chrcapuano,2731197053,4,22
erealacci,402997564,4175,0
MariFabbri,1313490145,3775,0
camillasgambato,1148304355,475,0
marcodonats,61905153,650,0
lauraravetto,587805027,0,800
MarioBorgheseOK,1110452533,0,100
carmen_lucci,508816846,18,0
esisley,1223037354,2,30
stefanolepri,384353170,175,0
gd_ventimiglia,4863546172,7,0
MarioRigoni2,544352838,42,12
angelocera,406971457,0,50
Alberto4ucci,581808635,8,3
slipknotoverall,159551952,9,0
giuslit,589418956,12,6
ottogattotto,2267806358,3,6
isolano1972,421236822,8,0
Voglio__Volere,1532422308,4,3
SaggioYogurt,390753281,3,6
RicLoprete,716332246513360896,7,0
DCiamei,1107205176,6,3
FrancescalGin,709468465531322370,27,18
ca_giovani_fi,4818686225,0,9
FogliAdriano,3239105697,6,12
AlexJohn_153,2186313922,9,0
Aronoelee,422574779,27,0
procapio,2377444536,28,0
AlbertoVeroli,939425341,6,3
giuliorossigno1,771042114188742656,0,9
vasco97273,1444286834,0,8
UMarroni,802515553,775,0
stefanoquaranta,122165045,0,550
CovelloStefania,1128760278,825,0
Migna66,254803562,9,0
claudioreale,75590296,0,9
fortezza55,400103989,6,3
curtno67,720515573,15,3
lollo1963lollo,794092015634051073,0,7
contu_f,1544093054,63,0
Elvira68389439,788462570827022340,9,0
NomeNel,697447492112269312,8,0
SabriBenetazzo,2269417069,7,0
leonardicarmen,376145932,0,16
gabelmanu,472905491,9,3
Valnao,139188966,9,0
giatav,49709806,0,9
donnadeipegni,2594867485,0,18
santangeloitalo,1054906759,7,0
EmanueleCagnes,537662962,45,0
senantoniorazzi,2977934441,0,10550
paologico,870599125,0,9
fedeRRik800,218931858,0,8
Giocoleria1,1898454535,0,18
Tg3web,69959408,3,6
MauriceUtr92,2420690215,6,12
Mega_Fauna,391954792,0,7
MarinaAlloggio,795749937157931009,9,3
gmarigliano86,535496510,5,2
luisaloffredo28,1372461787,33,39
fragola1957,2703675064,0,9
enry81go,2958027549,4,3
siceid,1319275574,30,15
2025annamaria,773956774932127744,46,18
nicolin_o,2999879276,3,9
mrmcphisto,2165771,9,0
davideneku,57323741,6,2
taras_nico,3225129341,7,0
CutronaDomenico,2995908064,0,12
Citizensforair,3194879351,3,6
IndagatoPd,707302113093799936,8,0
MBernini_M5S,1207270483,0,675
MauroBarin,1384894520,24,0
sloquik,557057167,0,15
gibiino_v,303682085,0,300
PrinaFra,2827610069,450,0
BarbaraLezzi,152442726,0,75
XPuglia5Stelle,3610537156,0,7
acqu_marina,2909929737,9,0
simonabonafe,391945446,7,0
Telequattro,1004812916,3,6
MazzacuratiFI,2845221227,0,9
napolaris_,147654699,0,9
andrearossi76,123712076,13,6
iovotono,3613181357,15,28
imastandrea,2273277140,21,15
matalone_dam,3600676817,57,18
Madeflo_Ce,4714030515,0,87
enza_negrin,759401210801692672,12,0
FLuccisano,105511487,15,0
gregoriomassi,859630482,9,0
openpolitica,932393936,7,0
dianatonelli,371140710,0,9
LodovicoSonego,1962143210,50,0
paolocaccamo68,4405998622,30,0
ClaudioSacconi,1251326239,14,0
0c2327c8323f43d,2733705537,6,2
GiovaniSIcambia,785032312123719681,27,6
movittone,397199507,7,0
paolocad01,2878690973,0,9
carmencasablanc,278210313,24,0
itinagli,136343557,875,0
MarcoMgp89,993159811,0,9
alessiarotta,256163349,700,0
IreneBertuzzi,4129589421,9,0
Myrtus_up,1179385580,6,3
teored99,2400465787,6,3
jom5s,535447658,0,8
LauraPuppato,504661653,3600,0
Curioso501,2870991377,45,0
Urbaniguglielmi,4181864187,3,6
Jacob2187,203005397,12,21
tocciw,231555855,0,50
pierodm,391620881,0,16
ZizzaVittorio,2929390888,0,600
OrePastorelli,1114159615,50,0
ferdiava,509356418,6,12
domenicocarreri,422529041,9,0
doremisuraca,545974614,125,0
giularegina,991727834,6,12
GianniPiccin,2180748462,9,0
Esseciblog,333923672,6,3
pigardi,431790909,5,2
LaCorteSerafino,400919857,23,15
APeppinodit,1051114320,0,8
RMorassut,569887181,75,0
brunasaracco,941772781,14,0
sarracinus,405426716,15,0
glopizzo,26504043,4,3
suninthesky1,2902956141,7,0
FI_Giovani,426076826,0,21
aculpo,186399539,3,6
ANTEO17,2420586324,18,6
CarmeloCoppola,877713914,0,9
FAltitonante,243216805,0,8
7novembre2015,4141927199,0,39
rambomicio,2221902807,3,6
MarianoEder,107729277,30,0
TizianoAdorni,2822310640,0,7
BSaltamartini,253262674,0,600
Verderame4,574017966,4,3
cesaranodany1,3403081833,3,6
LianaFuser,1006439738,4,3
FarignaFarina,499571765,9,18
AntonellaC59,794889137845366784,21,29
cotrozzi_lisa,1701836234,9,0
uolller,1101963793,6,6
robertolotito,96516447,0,9
alfredodattorre,474021846,0,925
JosephFranz,201654791,3,9
MLLSabbadini,717984836401643520,6,2
laurachiodi1,583915815,9,0
vitocrimi,62003557,0,75
MickySalomone,2910801435,3,6
Gianmar85262144,795290773642215428,0,9
babbuzzi75,181684989,9,0
arrigoni_paolo,1075084718,0,1200
silviachimienti,1888044751,0,1150
EnricaFantinell,2418921020,6,6
DomenicoDeSiano,2302070180,0,2000
085a2db71d18453,2940410703,12,9
Cipdimanu,439258358,0,9
PPanzarino,982037941,0,12
digioialello,3130991433,25,0
lauruzi,73380336,18,0
CarielFr,369177021,0,775
RedditCittadini,734074574275514368,0,171
italiano201415,3052918302,9,0
RTgovernoRenzi,777855788882812928,61,0
sandrogozi,76769340,0,2700
SamanthaBizzoni,947943943,0,8
mannyzone,93937195,0,9
GuidoGuidesi,2197478480,0,250
silvia_burtone,3170073534,6,6
PatriziaAlessa2,2496600643,0,9
dracul473,2903545671,4,4
CastlesJames2,800260812875055104,2,5
marobe997,1594040222,6,3
elisabetta7991,1891583048,9,0
PAGLIARIG,1021795003,500,0
debbycanci,716356338436161536,7,0
lucadimarco,46194698,15,3
RenatoLega,544700808,15,6
GIUSENAR,397968720,0,15
pmattoccia,3068039679,0,9
giulioguazzugli,313652711,15,0
mauriziosantin,22659500,78,6
willkingly,348323243,12,6
FedericaRanise,1565366160,0,12
VilmoModoni,150254340,3,6
luciomummio,1611260352,12,0
tonianto2,381544806,8,0
M5SWeAre99,2872060322,9,0
danieledvpd,2479620311,288,25
a_medici,141896036,2,6
claudioliga63,742656572086747136,6,12
BrunoRedditi,482228231,2,5
snailale,3070544530,12,3
mikrobo1,482403856,15,0
AngeloRughetti,929354545,675,0
Yi_Benevolence,585968039,3,6
luigi_pelerin,458268610,0,12
Carmensic,2301960876,0,8
martinomcvolo,2839611267,12,3
lucabambu,80867890,9,0
occhidisoleluna,1614960044,9,0
PasionariaIT,2869098909,6,2
Tigre_E632,151390694,9,0
empousa1,450937091,30,0
jose_defelice,428526596,0,7
robertalombardi,61727028,0,200
SimoneSecci1,369384908,7,0
EdiGirolami,1038231816,26,3
natasu5stelle,507792558,0,9
GiuseppeGalati,213663506,75,0
G_ianluc_a,1249365224,0,8
TitiCasati,734725512950603776,3,6
albertolosacco,120206776,125,0
stefanoroma,45116767,9,0
AvvAngelucci,1086424626,0,625
SIPARISipari,1357710228,35,0
Dome689,307278565,33,0
tixis,53053554,0,11
pillolo3,706945040149561352,0,9
simy77ss,52332450,12,6
F_DUva,238909679,0,825
Lux_Cipolletta,1880399689,18,9
LucaBellinzona,438339383,14,0
Teresa67514791,784137711561109505,18,0
VGentilomo,3217711420,73,18
biagiodimatteo,2160946687,3,9
gianniruj,396146922,14,4
AcquaPuglia,523343629,9,0
MassimoCorsaro,425033450,0,475
Emanuela_Corda,398603525,0,75
MaurizioSeri1,2288157877,8,0
Peppone1955,2207285738,8,0
InfoEttore,398854831,8,0
cappellodibarba,3319406075,3,6
NotiziedalM5S,1895164603,0,8
pesapesp,2305446516,0,9
ItaliaproLavoro,3323183883,12,0
PerugiaToday,425699035,0,9
vrwestperrenzi,900247297,7,0
LupeRam89073615,4847651633,16,0
lucacampitello,774133777412923393,76,27
TwittaLibro,757833847572574208,0,9
raffaellamucci1,745339531566661632,0,18
mzc82rm,3355048384,3,6
ManteroM5S,1254844940,0,125
Margules3,2804363628,9,0
MelantoP,412410683,6,3
AbatediTheleme,1264774998,12,0
rekko15,2223036664,7,0
DejaLaNuit,410383506,9,0
Cesare_Damiano,430127505,100,0
fairybloom1,381964547,5,3
Dave_P_90,528673372,0,15
Peppe_And,1479114414,4,3
Salvato18946554,4459087695,2,6
AnnalisaPanna,1139418464,0,400
Enzokas,185644124,0,150
nickyangeli,467659856,15,0
BaraccoPb,2768661999,30,6
GaetanoOrtolano,1096331473,45,6
ragusaibla,75299581,9,0
PellegriniLuisa,2971568187,15,0
ObservingVotoNO,2424020059,15,12
Lcungi,548616993,71,12
chalarege1972,803015032472793088,7,0
tomaurora1,194275021,0,16
giusepp26770710,2373340799,8,0
MaleficoRojo,2644998883,0,12
baloi361,2845737279,12,0
dagostinoange,1089905024,300,0
vittoriodiri,2754543846,12,3
annaperina,937463430,198,68
ApplausoRosalba,2543019165,9,0
ValenteM5S,1254875144,0,150
araccontarlo,242351511,12,12
alepaganotwit,75155781,1400,0
Machelavoro,592546016,0,9
comodiceusted,830081490,0,9
ITestini,2178600592,9,8
PaolaTacconi,2714596672,0,15
ImmiInforma,802299785906683905,7,9
cescomari,1261872931,0,9
teresa67441986,2334086092,14,0
CrippoX,970868527,175,0
alfredomartel65,405443137,0,35
maurilm79,396878417,3,6
CarlaMarotta,484010722,15,0
FIAbruzzo,2343344779,0,9
marcovarini,486456375,3,6
DanieleBibo,1017412344,6,3
alberto_olivari,3852711633,12,0
lecheey,271541039,4,3
AndreaPace92,1024040808,0,9
anodo59,1420443511,0,27
Annaeddj,756916144838176768,0,15
FranciZaltieri,464947115,11,0
Aletof82,712003376477646849,9,0
mazzarellantoni,2171028731,18,0
DietaSalute,1145911274,15,0
ValeDellaValle,2415751118,3,6
Amaro57024721,763694739854090240,9,0
francescosgold,262100774,3,6
GiancontieriGi1,4174063036,0,7
antnll_24,2537853697,0,9
PetrisDe,447432073,0,1300
1piede,2249221297,15,0
elybartolini79,4164038717,72,9
ernestopreziosi,1161167916,175,0
MencacciAndrea,1074801517,36,3
kijuyu,471347700,3,6
frulrobyn,2984349707,0,9
AndCol81,1407978600,0,350
AlbertoAirola,634999260,0,950
AndreaDiMaio,16112979,0,21
trottamirco,405498561,5,47
dariabianco,1122157453,0,9
GerardoFulgion1,770213977553047552,2,5
Davidebaruffi,155588864,950,0
3626cac7561740f,2760801606,2,6
angygenc,4829963293,24,15
spacecowboy31,430995535,7,0
Jezabel84,445546968,9,0
rlaporta2010,1135323564,8,3
Ealloraditelo,391286828,3,6
DiegoMaykail,410764821,3,14
DerricoPia,2477603211,18,0
ClaudioDiLore93,705849685190295552,3,6
fedechiavaroli,574814553,75,0
ValentiTano,501808339,9,0
AnnaGiacobbe3,1247288606,250,0
Remeggiare,3030465038,3,6
GioPalermo77,788742242219520000,90,0
SorialGiorgio,1915200546,0,250
Wise_and_Lazy,410876976,12,0
elenamoroni1959,794906422320447488,27,8
stevvid,2415685429,0,8
archipep,910243676,3,9
martuzza1992,795640773073047552,9,0
AndreaOrlandosp,496437886,600,0
gensjulia1,800750620818800640,18,15
i1ygq,415437027,6,9
TAL77SVAD,1368152558,36,40
Arturo_Scotto,430169858,0,4375
Paolo_Crisafi,726387113105707008,6,3
Cortez1958,591144361,9,0
animativerina,781114803465191424,8,0
AdriMCMLXI,387198659,6,12
Frances70338962,2294481057,0,9
marianna_cosma,3313832169,18,0
franzfleck,403652993,6,9
mauriziodimajo,789842195775971328,27,0
mariagraziacal2,1080490561,77,2
kategullo75,3028809503,12,0
Solelunarosa,1085901524,24,0
roburso3,789001282514198528,279,0
PippoBasilea,2208960872,6,3
PetteneAnna,3318421203,0,9
piani_a,1413220182,0,7
Shinichi_Kd,1851226928,0,12
TwTunda,2587940700,15,0
TaibiMichela,1262007300,54,0
QuagliarielloG,558591392,0,1025
giuliocampese,406469071,0,9
riccardo_fra,1052596340,0,625
sebaquila,454191208,24,6
pierogeremia,4529531674,0,9
ManfrediTW,2239285988,525,0
StefaniaVentu16,729981130007531520,7,0
iostoconPicchi,985140906,0,325
piccolapini,543382485,0,350
giamma71,101573147,0,55
montemilon,1708309334,0,18
Nunzio_Saviano,487789216,0,12
LorettaLupo78,467402509,0,25
ironmiki,1077627415,8,0
ElenaCecconi1,1259828274,15,0
occhiverdi57,1262939593,6,20
crissscri871,4048087467,3,6
gloriastolfo,419131342,3,9
federicogiuse,1081132770,9,20
forzafedele,4726174575,3,6
salvodal,335595246,10,6
miriamcominelli,527574803,175,0
pakywood,151246430,0,12
AugustoMinzolin,483057175,0,5100
LucioMalan,919526072,0,3575
g_alfano,86347667,300,0
AndriSerio,473718857,0,9
bisquittieri,68006505,7,0
FurioGarbagnati,3126510327,15,0
MFantinati,49275896,0,550
legalite952,2201641540,15,0
matteoc1951,2772829228,0,9
paoloalli,891042680,1350,0
AngeloTofalo,337171830,0,2300
MaCheTipa_,1368048013,14,2
gregoriogitti,1119040105,0,100
FraMirabelli,545136488,1025,0
GBenamati,168586183,375,0
omniamunda,834267554,15,0
MarcoFedi58,393974023,950,0
scastellari61,2851732053,9,0
SpaceCowboy21,602182097,32,6
MariaAversano1,899952481,0,19
Bapattis,525240553,0,16
robbe1978,3243380165,9,0
Enzo_Riontino,413337087,0,9
ylatIemoR,99645256,3,6
puravidaita,1219022928,33,0
mvguasticchi,460042639,7,0
salvo_pistaract,2321258784,0,8
AiseStampa,85636061,72,6
DimerP,779622776999178240,9,0
NPaciaroni,915386305,6,3
vilmamoronese,126970118,0,2400
BluDiChina,326316197,36,9
mibapp,625324811,9,3
PaolaBelforte,3405837303,0,8
AnnaMariaCastel,398032197,15,0
ManfredoRoma,3405634973,9,0
EffeConTweet,386745832,12,0
YahFiorito,1195176624,24,8
FedericaBidiVal,4885620221,632,200
Manu_Tweety,432584137,6,3
luifam,42478291,750,0
GiusiGreco10,783192988285595648,9,0
casagranden,525706428,3,6
FabriziaGiulian,1098999823,625,0
Federico_Menna,372280583,0,9
MoceriLuca,1011901268,4,4
SimyFrant,1348851210,27,12
florkronbichler,1060679558,0,75
michelalopiano5,725066954394980353,9,0
plebani_clelia,2559192629,0,15
ValeMameli,2322947462,27,0
lctr82,310195119,15,0
stagliacollo,447439107,0,16
lvoir,1464788840,21,22
chiaragribaudo,1030715161,425,0
CimbroEleonora,391338911,675,0
danimarche75,433725175,6,3
CasaSiPiemonte,791628536557793280,121,0
fidelioit,883001814,0,24
mariaan99531581,2191938685,0,9
GiovanniPaglia,333214378,0,50
FischerM55,773183546966048768,6,8
aldocorda1,413786539,15,12
AlbinoMalfara,1230361375,16,0
pantera2318,4885903612,9,0
CisasCampania,4773242133,0,12
menelaolemanine,3063738106,36,21
ilcorvoparlante,497021694,0,9
Simona70653259,2407351214,18,9
TheLambkin_,436640636,43,0
Gauro5,389473754,8,0
manuele_a,64144248,3,9
marinapiva67,3227318753,0,9
emmedibi,58020070,1200,0
paolo_cova,42113491,850,0
pbersani,52352494,100,0
FerfraHemp,318549168,3,14
stemar9288,1222000628,30,21
giuliodessi_,722878628250460160,0,9
vannaio,1160083688,475,0
Azzurra_C,87934587,0,750
SergioLoGiudice,16401526,550,0
FabioMontale,14394318,15,0
SerglocSergio,1434038420,26,3
Maila1974,1280953482,7,0
vitochiariello,237816428,6,3
apicella57,3050234032,3,6
giusev76,251407688,18,0
Alessan93449691,721303651575341057,63,9
ACHILLEMARATI,702267737,0,9
AlvarDflake,1275988495,9,0
chiccoeri,861332947,4,4
fox_rino,3392159079,9,0
RaiPortaaPorta,406880559,6,12
Coccynella500,346518147,0,7
Antonello2310,469755986,0,9
papito1492,1636129136,9,0
Massimi92120067,1444734901,0,18
MartaEcca,551374959,12,0
ZaffAntonio,932443237,0,9
EnzoSulWeb,559265836,0,7
ivana_tessarolo,753569175944171521,30,8
social_5stars,1911991346,9,5
valfromrome,234339579,6,3
ValeriaValente_,1288696170,575,0
susannabartolo2,791671139521142788,207,136
MimmoBruni,522195863,6,45
ragazzodimatera,14942247,0,8
PerainoDiego,2786870739,0,18
paologandolfi,81808899,125,0
MaxCose,1066461174,3,6
gisellaruccia,819829657,15,0
alexfri44,100602777,8,0
Sinistrait_,4130639901,0,8
mara_carfagna,104485125,0,1000
Mauri983,413185210,6,3
MaraTahnee,614362165,15,0
s_margiotta,501874833,12975,0
pm_lagiusy,713449513088888833,0,8
GregManzo72,3855462819,7,0
MAURO_PILI,428062604,0,1350
FaPensiero,403277858,0,9
lucasoldini_93,2935824485,9,0
GianfrancoChia2,625585624,0,275
PiddinoInfame,772766178313904129,8,0
gu_epifani,1133749243,25,0
MoscatoDario,1441064498,0,9
MarcoMorosini3,1021727540,3,6
mariaederaM5S,1376730776,0,900
margheritagior8,727175188664729601,69,0
Hellzapoppin80,377660882,46,6
Massimo_Caleo,1128365564,225,0
matteo_gianne,700406264937971712,12,12
liillimaat,703360096944988160,9,0
DrUmbertoVitali,950642215,3,6
arch_fava,2927049323,9,15
alloggio73,2391652852,3,6
fork11977,1518874812,12,3
mariangelader,1595653056,21,9
PietroLePera26,796061968486502400,0,18
robertoboggiani,261384105,15,0
stefanoesposito,15047521,1475,0
Romarege,154967452,3,6
AngieCalabria,412371227,0,875
RobertoSignore7,1556455656,10,6
1972dpi,701647912686764032,0,9
DavideDeVivo98,2350811871,3,6
f_flores78,985133178,0,18
PartiSocDemEur,515585565,11,0
flavia_marzano,14145846,6,2
LuigiLacqua,879541776,500,0
lollinac73,482405981,60,45
RRaffone,1140071011,7,0
mancinimanu,444914964,6,3
cinasky_h,4833429358,6,3
SLeone76,1085677224,6,3
AdrianoSalis,804961884,27,2
aldorosati,27636956,15,0
atregl1,789443113651699715,57,0
Arena_Anto,566150054,15,0
RosaP184,534607014,9,0
CiceroM5S,1263818557,9,0
GrilliniArdea,1876846094,0,9
Bernaud21,82138891,8,12
GiuliaPaolucci,73587691,7,0
m_montevecchi,700756368,0,325
AlessandroGasb1,2517301839,0,9
stesantana7,2210428876,4,3
MariellaBonotti,3793353617,27,58
Paolo_CSGL,587948551,0,8
CarmelaEmma,714382420,12,7
nerodiseppia56,2174535898,8,0
MarcoF_Cirillo,1156611540,0,9
AndreaLucciL7,2718407860,9,0
Geremia1989,2970014416,9,3
matteodallosso,13065292,0,625
GraziaGio1,723203630917136384,6,3
Ammacca_Banana,486384806,15,0
davidecaparini,409600788,0,1050
e_eus,1361372586,6,2
Massimo6168,786872673037062144,0,12
simo_lions,4622374936,0,9
Adrastea_it,37768869,0,9
lidiapres08,710498404531630080,9,13
adriano1970,57249412,0,9
gal_nic,405662253,15,0
giuseppeevacuo,778470150336942081,12,3
ElPiotta,2719244173,0,9
Sandranino1977,722053268587855872,102,0
licia_la,962311958,12,0
ultras78granata,86692410,4,4
provenzano59,2277403875,3,6
renzoferrari61,2883830458,9,0
antofer77,2933100036,9,0
Maurizio090561,766731574616424448,31,0
LauraBignami1,926261881,0,1900
AntoFerrantePD,281966090,7,0
krcuel,3984178583,0,9
mariellarosati,859927674,9,0
romano5stellebs,281884852,0,21
FrancescoRapone,385088302,16,0
Shamaysan,421427868,0,9
astrambaci,1331529962,0,18
ChiaraLicciard,4876680137,12,9
GiampaoloGalli,1120077589,0,2425
Carlo490317591,4866822466,3,9
giovanni101075,715436925767782401,3,6
titti_disalvo,368935338,1225,0
eppursiride,711159303709847558,2,6
zag_mar,2874561177,9,0
MaialiSenza,794234183128322049,0,24
paolantonio87,96874558,7,0
AndFranchini,232908749,0,12
danoris2110,558651454,9,9
mcdallicardillo,3402412755,0,8
giobilello80,719072026447781888,92,0
SelviStefano,986382066,7,0
oinot49,784105196070854657,0,33
millaadelaide,1264718174,30,0
nonsonpago1,2303644001,6,2
jacques_jj6592,759717599328411648,3,6
RobRe62,180317088,0,18
MGarau,745880802047758336,9,0
lorenzodalai,771613884,3,6
antodaronzo,472406107,4,4
PBassRW,3394434651,3,6
Emagorno,1114681735,800,0
AndreaFabbri76,85525364,10,0
ald962,170781140,3,6
lor_bat,970964743,650,0
CorradinoMineo,493854798,0,350
EvaMannelli,2308162216,12,3
trentinietrento,780796439353962496,5,2
vinmoccia,117026070,3,12
mara_mucci,811414452,0,700
brandoni_it,104768009,7,0
CRCalcagno,1121935962,14,0
royfraroy,1062995012,21,0
KCarnasciali,2322781029,3,6
GiorgioMorresi,1829960281,4,18
LuisaBlive,420335251,400,0
DanielePirozzi,2176682146,0,9
MovimentoCdP,2407774433,0,9
GridoDitalia,716259184,6,3
antoincerti,1030729472,75,0
luigielena,398928323,42,0
Vitali_FV,3361200257,0,36
FedeleAmico,602069331,9,0
MarriStefania,870521268,7,0
vanabeau,384340494,9,0
ClaudioMimiola,2848754135,9,0
santilligia,431089246,6,3
CarmelaGaglian1,707252292408512512,28,0
saraemma_,125022031,0,8
figiovanipe,780698798473359361,0,9
f_iannaccone,1063284294,27,0
gioart79,2386237696,3,6
nino_pitrone,4892218558,0,12
Antonella180262,999469686,6,3
patriziamanas,442741034,50,0
marinaM5S,1145835457,5,3
andreacecconi84,194768449,0,200
alexa5313,2749566881,15,6
Luka1961,405170821,3,15
miciula83,476976196,27,9
pierluscanu,206831627,12,0
roberto_lamela,270844902,18,3
grandemax60,2993021697,6,3
szampa56,964460408,5350,0
Muscoli_info,2956918469,0,8
Ignazio_LaRussa,425933041,0,25
enzatassone48,1089413082,12,0
GiordanoBattini,329937650,34,24
polizia_unica,967839474,75,36
6a5e656eeb68484,2948155437,12,6
Maxdero,195689744,0,1425
SenVincenzo,2319542538,16,0
ElenaCerci,3385105642,0,27
Padreinforma,474745734,3,6
Andreaf2008F,3865428028,15,0
milkoscaglione,487914485,0,15
10261940,2616680851,15,0
Diavoletto699,2888678625,0,27
MartaGrande87,1269713336,0,100
kosma1818,3074652513,6,2
asenalimo,735316014,18,6
larasciarretta,442148347,9,0
webnauta59,3069843927,25,0
paolanugnes,127012324,0,50
silmauve775,2380592546,0,12
mbolognetti,226532072,0,9
robertoberti76,4326503175,10,0
AndreaTj,17439787,0,8
REN1pz,436870309,9,0
PPolicy_News,558661103,9,0
doctorloquax,1272928376,36,0
MPigni66,713988077,9,0
gabry_v,395759988,9,0
lauraanno2016,789577810637619200,36,0
FIgiovaniMolise,2976611614,0,9
PaolaNat,108670521,0,9
ApCamera,3166034463,67,6
BorzattaP,49319803,7,0
grotondi,87467449,0,3900
giannetti_marco,356159314,3,6
ChiaraGori13,700944150028484608,7,2
tommy_rimini,3073624366,0,9
StefanoFassina,301472434,0,525
nicoladeredita,524372178,30,0
angeluccimarian,751149104236027904,7,0
ScaGiusy,2393710947,44,0
GianlucaVnt,4909543941,0,18
robbertoni,394957022,12,9
mariaederabosk,784398647471595520,14,2
fiordisale,13727692,27,0
fkaLaMusa,2181771883,0,9
mariandres2014,2322849823,3,6
pdsardegna,1137449617,10,4
Biofafafa,315428267,12,0
LiaQuartapelle,216361540,2600,0
luigipiva,89651876,6,3
MassimoCassano,349746542,200,0
MauriZucchi,2640275823,9,0
alezinno2,1043130708,7,0
ElenaOrsi76,3053979329,6,24
ale_villarosa,1908166152,0,100
NCIngegneria,318488169,0,9
patrikkka,131494824,0,12
paolocalvano,344753854,10,0
CupiniMassimo,704418409723904001,6,3
SilvioTriulzi,3347525428,15,0
FaticoniPiero,2748105759,3,6
MARCOLODICO1,1066131648,9,3
GianlucaVacca,124236178,0,375
demofiliaco,391237371,15,0
GrimoldiPaolo,417962415,0,1400
cisonom,424907920,6,6
peppexpo,411847331,800,0
alcinx,389104963,10,6
ErikaIntrisano,464955653,9,0
FDelB,396698099,0,7
bastaunsiRoma,794822744840007680,15,0
Tetovaccari,532545883,1750,0
stefandreani,1119003588,9,0
mauri1709,83631984,0,9
rcociancich,314392100,775,0
silvermelluso,743514238493278208,42,3
PaolaSalcuni,782584298964672512,185,134
vonhoeneim,3317586231,0,48
DiegoDelPro,466358678,0,9
PuglisiPD,57060570,2250,0
MilanoBastaUnSi,749984254923243525,35,0
violadrago,726475563536359425,48,0
kidstu,1084193910,9,0
paolagargiulo1,466397112,0,7
gioritucci,526552069,0,9
zanoni_giorgio,1322376432,0,72
Amico5S,492959239,7,0
MauroFuso,720157781324656641,3,9
62rosse,831981618,0,9
lucvit69,1261559155,9,0
Deputatipd,76616277,190,18
boccadutri,490373717,3475,0
DalessandroCam,564443638,8,0
AMARANTINE5,1591737049,15,15
oldmanandsea1,2833760769,3,6
claudia_bionu,796246539668692993,129,0
ernestocaprari,477543705,7,0
thebrightside0,2800729570,12,6
Mauronick,94529815,5,3
Rmilell66,2504004971,24,3
alacalabria,704601949304459264,8,0
davidelungus,736880955374325761,7,0
PietroStanizzo,550883497,8,0
poli13137517,716637363099869184,9,0
MaurizioCulicc1,2956811146,9,0
Giuliano_Berta,1223079336,0,9
Frankov74,485012318,0,9
GFLibrandi,1074223417,0,375
futura09,2318610186,24,8
FranceBarba80,3069657982,5,2
menteressameli,712713408806842368,21,0
ArrigoniEdoardo,728969931853828097,7,0
crasicap,743437317130575874,6,2
GAcquistapace,465753888,3,15
and84carl,89167874,3,4
rossanarossana4,3068966572,3,6
sine_sole,2881568913,7,0
Sanpiotr,2851165852,3,6
Astolfo1968,801867970603601920,0,7
fra_monaco,424899095,0,175
LeoGuerini,2361394675,123,44
fortunatolino,2497838698,29,3
giovacalcagni,493543780,2,5
DarioNardella,434505068,4,3
Calimer85812928,4772904255,27,6
LadyGLifeUK1,2288778829,6,2
Adena82,211486618,12,0
giannonefp,2948661737,0,9
maria_marzana,3101551210,0,25
RCapaccioli,74759588,6,3
sscaramelli,883099326,7,0
lauraboldrini,221902171,1125,0
LusiPatrizia,547050389,9,0
m5sTess,593582642,0,19
ProvFigAQ,4891433775,3,36
C_XXVIIOttobre,798881423650328576,9,6
DonneVdaperilSi,774281375402909697,7,0
ivrea_n,3436942246,21,3
basilicatasi,732206617341595650,16,0
Maurizio_Lupi,373423842,1750,0
Steipad,382650535,6,3
SilviaCarciofi,782868536083505152,99,42
poggetti75,2334131475,7,0
sergiopuglia,57391779,0,1375
V_CogliatiDezza,488234925,9,0
FI_Online_,2192271144,0,12
matmoli,139678228,6,6
ErmannoKilgore,440691898,51,9
rosa857,317680130,3,6
RodaAnnalisa,796436116249444355,3,6
salvatore1666,803115076672700418,20,40
matcamme,602802570,14,0
GiangioTheGlide,481929883,0,23
oltreado,722550098278879232,18,0
EnricoBorghi1,474175425,2075,0
JohnHard3,589286587,24,9
Carlo_Martelli,1949749195,0,2300
_Barfolomew_,87950192,6,12
gipiredo,83071101,6,12
LuigiGelli,3356670165,15,0
CarolaColnago,1421508788,16,0
larenait,54226483,8,0
CristinaBargero,537155694,75,0
asocialesempre,1562752760,46,6
mariocolombo65,3743344103,0,9
roppo_vale,3042356055,3,6
Vito_Romaniello,440333722,3,6
michelataxistro,33521233,0,29
greenmoonjoy,823461702,30,0
only_jimmy_it,2906792414,3,6
pdrmsmm,584022845,0,7
giovannamangili,320060821,0,1025
clriolo,2961761943,3,6
RBallabeni,512664948,3,12
mattjrphoto,44395683,2,48
andrearigoni,16432676,25,0
mirecannizzaro,2193007701,243,0
AgrimensoreK2,222170521,15,0
dariolucantoni,545384133,24,16
puorro1970,946288772,0,8
Marti_Mussi,700388922430504960,12,4
GLucas71,195792208,3,6
NuccioGaleone,3860789548,7,0
EdoardoFanucci,1389629858,500,0
8giuseppe3,1127733265,64,3
edoardopastego,2197727347,12,3
pattyperr,1025054731,6,21
cappelli_fra,704594335317278720,12,12
ArchCmc,1260171894,0,18
AnnaAbagnale5,1053086102,9,0
sindacocaorle,4526622501,3,6
bragachiara,385923471,475,0
CorrPetrocelli,1638143131,3,12
GAiraudo,390868112,0,450
alanwake_71,2816606222,9,0
DiegoZardini,442677409,600,0
VicoZanetti,264211609,9,0
daniele_delgiu,433157453,0,9
SenatoriPD,404048864,275,5
cortesepinuccia,1041519145,21,0
raffcorona,708278331314147328,7,0
MarisaMarygio,1395687914,9,0
CiofiniGiulio,2838570387,3,6
SabriCapozzolo,1657888950,250,0
ManlioDS,208642171,0,525
marziaspagnuol1,2971664825,0,9
soleterramare,443193400,3,14
marturano51sm,2987686264,2,18
AttiusRegulus,4904313471,7,0
giuaddo99,356050856,9,0
SimonaVicari,167058261,525,0
lievemente,2464828514,0,12
archflacis,1374923707,7,0
alevaccari,44747985,8,0
gasparini2013,1061297432,0,25
e_cappelletti,2210614638,0,1700
AnnaTavano,1392080886,5,3
TurdoLorenzo,4697190798,47,0
Benedettascagl5,708425080645279745,3,6
Peressita,711299618219364354,9,13
Roccossassino,47875351,6,3
GMagaglio,927409196,18,0
F_Castellucci,2158195314,0,9
PD_ROMA,550588728,7,0
antonioscacc,136205033,0,9
staff_M_Fedriga,746085728,3,6
BisbeticoDom4to,2409473389,21,12
Stucazzo1,780100421536849920,0,9
RemigioCeroni,2364044797,0,425
diegovlifonti,863028571,7,0
fancio_original,283939901,0,8
ANNAMARIAPOMARE,488339106,0,8
Petiziol,413883500,3,6
ErikaVNicastro,773563444750589957,18,0
smkarhu,365304824,15,0
CamillaCaccia,489301209,7,0
TarantoSi,773532512425537537,7,0
dindolone,2390797348,3,6
laltraguanciama,351555225,9,0
ADM_assdemxmi,608125539,14,2
GMettifogo,1262704657,3,9
babi_lolita,1410209468,37,3
micheleemiliano,19392607,9,0
balessa,13631242,18,0
enzocarnazza,419181815,12,0
MassimilianoRiz,421169814,7,0
GianlucaVasto,318499634,0,1375
mmanca,10350822,3,6
AntonellaGramig,941567396,0,15
M5SCampaniaNews,2786595941,0,8
fsirabella,67276534,7,0
Francesco__78,1145584326,9,3
arivarriale,2995507655,0,17
giovanna_dt,2427072883,12,0
idonea2volte,24699941,0,9
giubberosse,116468336,9,0
1ettoreb,405792460,3,6
LucioRomano02,1114596824,850,0
valeriolabbate,56370861,0,9
_marlene1265,2216179636,9,0
PDFermo,776453054149296128,8,0
MirkoBusto,974102796,0,1225
HURRACANES,557127139,18,6
gfrisoli,10438412,15,0
ivanbazzucchi1,3332411590,0,15
federicodescb,799900104123707392,4,45
cinvello,790541461095714816,4,3
MarcoBarrera_,775798541679603712,8,6
ginomonzecchi,316684906,6,3
DavideBoni,69532732,0,66
argento62,1489965936,0,8
titzbiltz,3399075250,18,21
fieramosca59,745595735966613504,270,12
GuidoniaBigBang,2853383397,6,3
ster67e,2154746892,0,7
ostruzionista,496477841,0,18
speranza58,53139843,36,20
Marilen00160544,4889377726,0,12
AquiliaClaudia,779404570808225792,6,2
barbara17767819,2414500381,0,9
pepdecr,1278347502,0,275
GessaMarta,428588499,9,0
mmauripd,2191248370,600,0
tagadala7,3610762348,9,3
CarlaTrudu,377272505,7,0
kkxall,413935857,0,9
Marzian2016,704968903622008832,6,5
IsidoroGottardo,537290044,15,0
fioranialex,50232653,4,4
AvvAMaestri,993545408,0,1125
dalpi1,453966391,0,8
GianniMelilla,453983111,0,325
lo_zio_gino,2723029636,6,12
bsvezia,3213490474,24,0
Macalla231059,210820445,0,8
RossomandoPd,2927013813,100,0
ChiriPiero,863232396,7,0
glsiviero,386425939,6,2
AUlacco,995189316,3,54
evitabe,97249795,18,0
mariamacina,722919613,16,9
Spaces92Demy,759853330692616193,12,0
David_David_P,777478419424608257,3,4
GiovanniCalcara,1369005530,0,9
MarrostafX,705029912265097218,3,6
katenever,317305371,7,0
PoggiRossi,609438275,9,0
eminnucci,428300383,825,0
scrigno71,2848223301,2,5
giulietino11,3046529709,3,6
GabriellaMan,261736361,9,0
Mconcettascara2,720282686556770304,0,8
CatalfoNunzia,572128310,0,375
ukulele_baobab,804368763781021696,18,3
niegotiziana,3011035791,24,0
RominaMura,112485367,1025,0
paoletta956,2823678166,9,0
ArezzoperRenzi,819782228,16,0
NOVLTeNOGRATTIN,2163623162,63,3
ArchideVivaio,2901728910,8,0
jamm3r,1001291,9,0
laura_quaglia1,766901213371793408,0,23
ANDREAZANETTIN,499227001,9,3
RRivellini,521337019,39,0
idriettina,794982794631987200,18,3
g_brescia,1326743389,0,525
RicBattaglia,3331059982,3,6
angelo29269869,753990621971480576,9,0
OpenGDB,746108643792257025,12,4
GianlRossi,525735108,325,0
seneca1900,740277257424523264,14,0
ernestocarbone,35804051,1200,0
AracriFrancesco,1098449186,0,75
FrancescoBonif1,418814614,1250,0
antoferito1,469845313,0,12
gjscco,1368793633,93,49
insiemesicambia,776453763624214528,68,6
CircoloVolta_TA,798094458223030276,7,0
MaurizioBilli17,784500022410969088,0,12
paolopaolo2516,719855009928716288,0,21
ale_moretti,540895773,7,0
LucaSandrini8,4148238154,3,6
Ludimar54Luigi,2949242037,3,12
paogalimberti,468786668,0,75
renatobrunetta,20430345,0,31350
raffans3,780111522030821377,18,3
animerrante,416310352,9,0
andreacreativo,150608013,3,6
Marco_IlBudda,395502958,2,5
L_Ventricelli,1280157438,350,0
Paolo72x,783585845106372608,10,4
Bell85Mat,399660676,3,6
maurolarcher79,1086749148,21,5
AndriaClaucio,745784576719589377,9,0
edmondocirielli,82145527,0,325
